﻿{"domains":[{"Properties":{"objectsid":"S-1-5-21-1874506631-3219952063-538504511","highvalue":true,"description":null,"functionallevel":"2016"},"Name":"DOLLARCORP.MONEYCORP.LOCAL","Links":[{"IsEnforced":false,"Name":"DEFAULT DOMAIN POLICY@DOLLARCORP.MONEYCORP.LOCAL"}],"Trusts":[{"TargetName":"US.DOLLARCORP.MONEYCORP.LOCAL","IsTransitive":true,"TrustDirection":2,"TrustType":"ParentChild"},{"TargetName":"EUROCORP.LOCAL","IsTransitive":true,"TrustDirection":2,"TrustType":"External"},{"TargetName":"DOLLARCORP.MONEYCORP.LOCAL","IsTransitive":true,"TrustDirection":1,"TrustType":"ParentChild"}],"Aces":[{"PrincipalName":"ADMINISTRATORS@DOLLARCORP.MONEYCORP.LOCAL","PrincipalType":"group","RightName":"Owner","AceType":""},{"PrincipalName":"ENTERPRISE READ-ONLY DOMAIN CONTROLLERS@MONEYCORP.LOCAL","PrincipalType":"group","RightName":"ExtendedRight","AceType":"GetChanges"},{"PrincipalName":"DOMAIN CONTROLLERS@DOLLARCORP.MONEYCORP.LOCAL","PrincipalType":"group","RightName":"ExtendedRight","AceType":"GetChangesAll"},{"PrincipalName":"ADMINISTRATORS@DOLLARCORP.MONEYCORP.LOCAL","PrincipalType":"group","RightName":"ExtendedRight","AceType":"GetChanges"},{"PrincipalName":"ADMINISTRATORS@DOLLARCORP.MONEYCORP.LOCAL","PrincipalType":"group","RightName":"ExtendedRight","AceType":"GetChangesAll"},{"PrincipalName":"ENTERPRISE DOMAIN CONTROLLERS@MONEYCORP.LOCAL","PrincipalType":"group","RightName":"ExtendedRight","AceType":"GetChanges"},{"PrincipalName":"DOMAIN ADMINS@DOLLARCORP.MONEYCORP.LOCAL","PrincipalType":"group","RightName":"WriteOwner","AceType":""},{"PrincipalName":"DOMAIN ADMINS@DOLLARCORP.MONEYCORP.LOCAL","PrincipalType":"group","RightName":"WriteDacl","AceType":""},{"PrincipalName":"DOMAIN ADMINS@DOLLARCORP.MONEYCORP.LOCAL","PrincipalType":"group","RightName":"ExtendedRight","AceType":"All"},{"PrincipalName":"ADMINISTRATORS@DOLLARCORP.MONEYCORP.LOCAL","PrincipalType":"group","RightName":"WriteOwner","AceType":""},{"PrincipalName":"ADMINISTRATORS@DOLLARCORP.MONEYCORP.LOCAL","PrincipalType":"group","RightName":"WriteDacl","AceType":""},{"PrincipalName":"ADMINISTRATORS@DOLLARCORP.MONEYCORP.LOCAL","PrincipalType":"group","RightName":"ExtendedRight","AceType":"All"}],"ChildOus":["7C088EAD-B868-47CA-A81D-E7544845CEF8","051CB518-0BF2-47E4-A3A4-EC36EDF5E662","D22AA5AA-65DF-41F4-8889-5DEB8EBA4AAA","284A1630-3D96-45C6-99A0-1F8D138F29D5"],"Computers":[],"Users":["STUDENTADMIN@DOLLARCORP.MONEYCORP.LOCAL","STUDENT131@DOLLARCORP.MONEYCORP.LOCAL","STUDENT132@DOLLARCORP.MONEYCORP.LOCAL","STUDENT133@DOLLARCORP.MONEYCORP.LOCAL","STUDENT134@DOLLARCORP.MONEYCORP.LOCAL","STUDENT135@DOLLARCORP.MONEYCORP.LOCAL","STUDENT136@DOLLARCORP.MONEYCORP.LOCAL","STUDENT137@DOLLARCORP.MONEYCORP.LOCAL","STUDENT138@DOLLARCORP.MONEYCORP.LOCAL","STUDENT139@DOLLARCORP.MONEYCORP.LOCAL","STUDENT140@DOLLARCORP.MONEYCORP.LOCAL","STUDENT141@DOLLARCORP.MONEYCORP.LOCAL","STUDENT142@DOLLARCORP.MONEYCORP.LOCAL","CONTROL131USER@DOLLARCORP.MONEYCORP.LOCAL","CONTROL132USER@DOLLARCORP.MONEYCORP.LOCAL","CONTROL133USER@DOLLARCORP.MONEYCORP.LOCAL","CONTROL134USER@DOLLARCORP.MONEYCORP.LOCAL","CONTROL135USER@DOLLARCORP.MONEYCORP.LOCAL","CONTROL136USER@DOLLARCORP.MONEYCORP.LOCAL","SQL1ADMIN@DOLLARCORP.MONEYCORP.LOCAL","CONTROL137USER@DOLLARCORP.MONEYCORP.LOCAL","CONTROL138USER@DOLLARCORP.MONEYCORP.LOCAL","CONTROL139USER@DOLLARCORP.MONEYCORP.LOCAL","CONTROL140USER@DOLLARCORP.MONEYCORP.LOCAL","CONTROL141USER@DOLLARCORP.MONEYCORP.LOCAL","CONTROL142USER@DOLLARCORP.MONEYCORP.LOCAL","SUPPORT131USER@DOLLARCORP.MONEYCORP.LOCAL","SUPPORT132USER@DOLLARCORP.MONEYCORP.LOCAL","SUPPORT133USER@DOLLARCORP.MONEYCORP.LOCAL","SUPPORT134USER@DOLLARCORP.MONEYCORP.LOCAL","SUPPORT135USER@DOLLARCORP.MONEYCORP.LOCAL","SUPPORT136USER@DOLLARCORP.MONEYCORP.LOCAL","SUPPORT137USER@DOLLARCORP.MONEYCORP.LOCAL","SUPPORT138USER@DOLLARCORP.MONEYCORP.LOCAL","SUPPORT139USER@DOLLARCORP.MONEYCORP.LOCAL","SUPPORT140USER@DOLLARCORP.MONEYCORP.LOCAL","SUPPORT141USER@DOLLARCORP.MONEYCORP.LOCAL","SUPPORT142USER@DOLLARCORP.MONEYCORP.LOCAL","VPN131USER@DOLLARCORP.MONEYCORP.LOCAL","VPN132USER@DOLLARCORP.MONEYCORP.LOCAL","VPN133USER@DOLLARCORP.MONEYCORP.LOCAL","VPN134USER@DOLLARCORP.MONEYCORP.LOCAL","VPN135USER@DOLLARCORP.MONEYCORP.LOCAL","VPN136USER@DOLLARCORP.MONEYCORP.LOCAL","VPN137USER@DOLLARCORP.MONEYCORP.LOCAL","VPN138USER@DOLLARCORP.MONEYCORP.LOCAL","VPN139USER@DOLLARCORP.MONEYCORP.LOCAL","VPN140USER@DOLLARCORP.MONEYCORP.LOCAL","VPN141USER@DOLLARCORP.MONEYCORP.LOCAL","VPN142USER@DOLLARCORP.MONEYCORP.LOCAL","TESTDA@DOLLARCORP.MONEYCORP.LOCAL","CIADMIN@DOLLARCORP.MONEYCORP.LOCAL","ADMINISTRATOR@DOLLARCORP.MONEYCORP.LOCAL","GUEST@DOLLARCORP.MONEYCORP.LOCAL","SQLADMIN@DOLLARCORP.MONEYCORP.LOCAL","DEFAULTACCOUNT@DOLLARCORP.MONEYCORP.LOCAL","WEBSVC@DOLLARCORP.MONEYCORP.LOCAL","SRVADMIN@DOLLARCORP.MONEYCORP.LOCAL","APPADMIN@DOLLARCORP.MONEYCORP.LOCAL","MGMTADMIN@DOLLARCORP.MONEYCORP.LOCAL","SVCADMIN@DOLLARCORP.MONEYCORP.LOCAL","KRBTGT@DOLLARCORP.MONEYCORP.LOCAL"]}],"meta":{"count":1,"type":"domains"}}