﻿{"ous":[{"Properties":{"name":"DOMAIN CONTROLLERS@DOLLARCORP.MONEYCORP.LOCAL","highvalue":false,"blocksinheritance":false,"description":"Default container for domain controllers"},"Guid":"051CB518-0BF2-47E4-A3A4-EC36EDF5E662","ChildOus":[],"Computers":["DCORP-DC.DOLLARCORP.MONEYCORP.LOCAL"],"Users":[],"Links":[{"IsEnforced":false,"Name":"DEFAULT DOMAIN CONTROLLERS POLICY@DOLLARCORP.MONEYCORP.LOCAL"}]},{"Properties":{"name":"APPLOCKED@DOLLARCORP.MONEYCORP.LOCAL","highvalue":false,"blocksinheritance":false,"description":null},"Guid":"7C088EAD-B868-47CA-A81D-E7544845CEF8","ChildOus":[],"Computers":["DCORP-ADMINSRV.DOLLARCORP.MONEYCORP.LOCAL"],"Users":[],"Links":[{"IsEnforced":false,"Name":"APPLOCKER@DOLLARCORP.MONEYCORP.LOCAL"}]},{"Properties":{"name":"STUDENTMACHINES@DOLLARCORP.MONEYCORP.LOCAL","highvalue":false,"blocksinheritance":false,"description":null},"Guid":"284A1630-3D96-45C6-99A0-1F8D138F29D5","ChildOus":[],"Computers":["DCORP-STD131.DOLLARCORP.MONEYCORP.LOCAL","DCORP-STD132.DOLLARCORP.MONEYCORP.LOCAL","DCORP-STD133.DOLLARCORP.MONEYCORP.LOCAL","DCORP-STD134.DOLLARCORP.MONEYCORP.LOCAL","DCORP-STD135.DOLLARCORP.MONEYCORP.LOCAL","DCORP-STD136.DOLLARCORP.MONEYCORP.LOCAL","DCORP-STD137.DOLLARCORP.MONEYCORP.LOCAL","DCORP-STD138.DOLLARCORP.MONEYCORP.LOCAL","DCORP-STD139.DOLLARCORP.MONEYCORP.LOCAL","DCORP-STD140.DOLLARCORP.MONEYCORP.LOCAL","DCORP-STD141.DOLLARCORP.MONEYCORP.LOCAL","DCORP-STD142.DOLLARCORP.MONEYCORP.LOCAL","DCORP-STDADM.DOLLARCORP.MONEYCORP.LOCAL"],"Users":[],"Links":[{"IsEnforced":false,"Name":"STUDENTS@DOLLARCORP.MONEYCORP.LOCAL"}]},{"Properties":{"name":"SERVERS@DOLLARCORP.MONEYCORP.LOCAL","highvalue":false,"blocksinheritance":false,"description":null},"Guid":"D22AA5AA-65DF-41F4-8889-5DEB8EBA4AAA","ChildOus":[],"Computers":["DCORP-APPSRV.DOLLARCORP.MONEYCORP.LOCAL","DCORP-CI.DOLLARCORP.MONEYCORP.LOCAL","DCORP-MGMT.DOLLARCORP.MONEYCORP.LOCAL","DCORP-MSSQL.DOLLARCORP.MONEYCORP.LOCAL","DCORP-SQL1.DOLLARCORP.MONEYCORP.LOCAL"],"Users":[],"Links":[{"IsEnforced":false,"Name":"SERVERS@DOLLARCORP.MONEYCORP.LOCAL"}]}],"meta":{"count":4,"type":"ous"}}