﻿{"sessions":[{"UserName":"ADMINISTRATOR@DOLLARCORP.MONEYCORP.LOCAL","ComputerName":"DCORP-DC.DOLLARCORP.MONEYCORP.LOCAL","Weight":1},{"UserName":"ADMINISTRATOR@MONEYCORP.LOCAL","ComputerName":"DCORP-DC.DOLLARCORP.MONEYCORP.LOCAL","Weight":2},{"UserName":"ADMINISTRATOR@US.DOLLARCORP.MONEYCORP.LOCAL","ComputerName":"DCORP-DC.DOLLARCORP.MONEYCORP.LOCAL","Weight":2},{"UserName":"ADMINISTRATOR@DOLLARCORP.MONEYCORP.LOCAL","ComputerName":"DCORP-DC.DOLLARCORP.MONEYCORP.LOCAL","Weight":1},{"UserName":"ADMINISTRATOR@MONEYCORP.LOCAL","ComputerName":"DCORP-DC.DOLLARCORP.MONEYCORP.LOCAL","Weight":2},{"UserName":"ADMINISTRATOR@US.DOLLARCORP.MONEYCORP.LOCAL","ComputerName":"DCORP-DC.DOLLARCORP.MONEYCORP.LOCAL","Weight":2},{"UserName":"ADMINISTRATOR@DOLLARCORP.MONEYCORP.LOCAL","ComputerName":"DCORP-DC.DOLLARCORP.MONEYCORP.LOCAL","Weight":1},{"UserName":"ADMINISTRATOR@MONEYCORP.LOCAL","ComputerName":"DCORP-DC.DOLLARCORP.MONEYCORP.LOCAL","Weight":2},{"UserName":"ADMINISTRATOR@US.DOLLARCORP.MONEYCORP.LOCAL","ComputerName":"DCORP-DC.DOLLARCORP.MONEYCORP.LOCAL","Weight":2},{"UserName":"ADMINISTRATOR@DOLLARCORP.MONEYCORP.LOCAL","ComputerName":"DCORP-DC.DOLLARCORP.MONEYCORP.LOCAL","Weight":1},{"UserName":"ADMINISTRATOR@MONEYCORP.LOCAL","ComputerName":"DCORP-DC.DOLLARCORP.MONEYCORP.LOCAL","Weight":2},{"UserName":"ADMINISTRATOR@US.DOLLARCORP.MONEYCORP.LOCAL","ComputerName":"DCORP-DC.DOLLARCORP.MONEYCORP.LOCAL","Weight":2},{"UserName":"ADMINISTRATOR@DOLLARCORP.MONEYCORP.LOCAL","ComputerName":"DCORP-DC.DOLLARCORP.MONEYCORP.LOCAL","Weight":1},{"UserName":"ADMINISTRATOR@MONEYCORP.LOCAL","ComputerName":"DCORP-DC.DOLLARCORP.MONEYCORP.LOCAL","Weight":2},{"UserName":"ADMINISTRATOR@US.DOLLARCORP.MONEYCORP.LOCAL","ComputerName":"DCORP-DC.DOLLARCORP.MONEYCORP.LOCAL","Weight":2},{"UserName":"ADMINISTRATOR@DOLLARCORP.MONEYCORP.LOCAL","ComputerName":"DCORP-DC.DOLLARCORP.MONEYCORP.LOCAL","Weight":1},{"UserName":"ADMINISTRATOR@MONEYCORP.LOCAL","ComputerName":"DCORP-DC.DOLLARCORP.MONEYCORP.LOCAL","Weight":2},{"UserName":"ADMINISTRATOR@US.DOLLARCORP.MONEYCORP.LOCAL","ComputerName":"DCORP-DC.DOLLARCORP.MONEYCORP.LOCAL","Weight":2},{"UserName":"ADMINISTRATOR@DOLLARCORP.MONEYCORP.LOCAL","ComputerName":"DCORP-DC.DOLLARCORP.MONEYCORP.LOCAL","Weight":1},{"UserName":"ADMINISTRATOR@MONEYCORP.LOCAL","ComputerName":"DCORP-DC.DOLLARCORP.MONEYCORP.LOCAL","Weight":2},{"UserName":"ADMINISTRATOR@US.DOLLARCORP.MONEYCORP.LOCAL","ComputerName":"DCORP-DC.DOLLARCORP.MONEYCORP.LOCAL","Weight":2},{"UserName":"ADMINISTRATOR@DOLLARCORP.MONEYCORP.LOCAL","ComputerName":"DCORP-DC.DOLLARCORP.MONEYCORP.LOCAL","Weight":1},{"UserName":"ADMINISTRATOR@MONEYCORP.LOCAL","ComputerName":"DCORP-DC.DOLLARCORP.MONEYCORP.LOCAL","Weight":2},{"UserName":"ADMINISTRATOR@US.DOLLARCORP.MONEYCORP.LOCAL","ComputerName":"DCORP-DC.DOLLARCORP.MONEYCORP.LOCAL","Weight":2},{"UserName":"ADMINISTRATOR@DOLLARCORP.MONEYCORP.LOCAL","ComputerName":"DCORP-DC.DOLLARCORP.MONEYCORP.LOCAL","Weight":1},{"UserName":"ADMINISTRATOR@MONEYCORP.LOCAL","ComputerName":"DCORP-DC.DOLLARCORP.MONEYCORP.LOCAL","Weight":2},{"UserName":"ADMINISTRATOR@US.DOLLARCORP.MONEYCORP.LOCAL","ComputerName":"DCORP-DC.DOLLARCORP.MONEYCORP.LOCAL","Weight":2},{"UserName":"ADMINISTRATOR@DOLLARCORP.MONEYCORP.LOCAL","ComputerName":"DCORP-DC.DOLLARCORP.MONEYCORP.LOCAL","Weight":1},{"UserName":"ADMINISTRATOR@MONEYCORP.LOCAL","ComputerName":"DCORP-DC.DOLLARCORP.MONEYCORP.LOCAL","Weight":2},{"UserName":"ADMINISTRATOR@US.DOLLARCORP.MONEYCORP.LOCAL","ComputerName":"DCORP-DC.DOLLARCORP.MONEYCORP.LOCAL","Weight":2},{"UserName":"STUDENT140@DOLLARCORP.MONEYCORP.LOCAL","ComputerName":"UBUN","Weight":2},{"UserName":"STUDENT133@DOLLARCORP.MONEYCORP.LOCAL","ComputerName":"UBUN","Weight":2},{"UserName":"STUDENT142@DOLLARCORP.MONEYCORP.LOCAL","ComputerName":"UBUN","Weight":2},{"UserName":"STUDENT141@DOLLARCORP.MONEYCORP.LOCAL","ComputerName":"UBUN","Weight":2},{"UserName":"STUDENT138@DOLLARCORP.MONEYCORP.LOCAL","ComputerName":"UBUN","Weight":2},{"UserName":"STUDENT138@DOLLARCORP.MONEYCORP.LOCAL","ComputerName":"UBUN","Weight":2},{"UserName":"STUDENT136@DOLLARCORP.MONEYCORP.LOCAL","ComputerName":"UBUN","Weight":2},{"UserName":"STUDENT135@DOLLARCORP.MONEYCORP.LOCAL","ComputerName":"UBUN","Weight":2},{"UserName":"STUDENT132@DOLLARCORP.MONEYCORP.LOCAL","ComputerName":"UBUN","Weight":2},{"UserName":"STUDENT131@DOLLARCORP.MONEYCORP.LOCAL","ComputerName":"UBUN","Weight":2},{"UserName":"STUDENT134@DOLLARCORP.MONEYCORP.LOCAL","ComputerName":"UBUN","Weight":2},{"UserName":"STUDENT134@DOLLARCORP.MONEYCORP.LOCAL","ComputerName":"UBUN","Weight":2},{"UserName":"STUDENT139@DOLLARCORP.MONEYCORP.LOCAL","ComputerName":"UBUN","Weight":2}],"meta":{"count":43,"type":"sessions"}}