﻿{"computers":[{"Properties":{"objectsid":"S-1-5-21-1874506631-3219952063-538504511-2149","highvalue":false,"domain":"DOLLARCORP.MONEYCORP.LOCAL","enabled":true,"unconstraineddelegation":false,"lastlogon":1588407076,"pwdlastset":1584958511,"serviceprincipalnames":["WSMAN/dcorp-stdadm","WSMAN/dcorp-stdadm.dollarcorp.moneycorp.local","TERMSRV/DCORP-STDADM","TERMSRV/dcorp-stdadm.dollarcorp.moneycorp.local","RestrictedKrbHost/DCORP-STDADM","HOST/DCORP-STDADM","RestrictedKrbHost/dcorp-stdadm.dollarcorp.moneycorp.local","HOST/dcorp-stdadm.dollarcorp.moneycorp.local"],"operatingsystem":"Windows Server 2016 Standard","description":null},"Name":"DCORP-STDADM.DOLLARCORP.MONEYCORP.LOCAL","PrimaryGroup":"DOMAIN COMPUTERS@DOLLARCORP.MONEYCORP.LOCAL","LocalAdmins":[],"RemoteDesktopUsers":[],"DcomUsers":[],"AllowedToDelegate":[],"Aces":null},{"Properties":{"objectsid":"S-1-5-21-1874506631-3219952063-538504511-1114","highvalue":false,"domain":"DOLLARCORP.MONEYCORP.LOCAL","allowedtodelegate":["TIME/dcorp-dc.dollarcorp.moneycorp.LOCAL","TIME/dcorp-DC"],"enabled":true,"unconstraineddelegation":false,"lastlogon":1588407073,"pwdlastset":1555343719,"serviceprincipalnames":["TERMSRV/DCORP-ADMINSRV","TERMSRV/dcorp-adminsrv.dollarcorp.moneycorp.local","WSMAN/dcorp-adminsrv","WSMAN/dcorp-adminsrv.dollarcorp.moneycorp.local","RestrictedKrbHost/DCORP-ADMINSRV","HOST/DCORP-ADMINSRV","RestrictedKrbHost/dcorp-adminsrv.dollarcorp.moneycorp.local","HOST/dcorp-adminsrv.dollarcorp.moneycorp.local"],"operatingsystem":"Windows Server 2016 Standard","description":null},"Name":"DCORP-ADMINSRV.DOLLARCORP.MONEYCORP.LOCAL","PrimaryGroup":"DOMAIN COMPUTERS@DOLLARCORP.MONEYCORP.LOCAL","LocalAdmins":[{"Name":"DOMAIN ADMINS@DOLLARCORP.MONEYCORP.LOCAL","Type":"Group"},{"Name":"SRVADMIN@DOLLARCORP.MONEYCORP.LOCAL","Type":"User"},{"Name":"RDPUSERS@DOLLARCORP.MONEYCORP.LOCAL","Type":"Group"},{"Name":"APPADMIN@DOLLARCORP.MONEYCORP.LOCAL","Type":"User"}],"RemoteDesktopUsers":[],"DcomUsers":[],"AllowedToDelegate":["DCORP-DC.DOLLARCORP.MONEYCORP.LOCAL"],"Aces":null},{"Properties":{"objectsid":"S-1-5-21-1874506631-3219952063-538504511-1110","highvalue":false,"domain":"DOLLARCORP.MONEYCORP.LOCAL","enabled":true,"unconstraineddelegation":false,"lastlogon":1588407112,"pwdlastset":1555742194,"serviceprincipalnames":["WSMAN/dcorp-ci","WSMAN/dcorp-ci.dollarcorp.moneycorp.local","TERMSRV/DCORP-CI","TERMSRV/dcorp-ci.dollarcorp.moneycorp.local","RestrictedKrbHost/DCORP-CI","HOST/DCORP-CI","RestrictedKrbHost/dcorp-ci.dollarcorp.moneycorp.local","HOST/dcorp-ci.dollarcorp.moneycorp.local"],"operatingsystem":"Windows Server 2016 Standard","description":null},"Name":"DCORP-CI.DOLLARCORP.MONEYCORP.LOCAL","PrimaryGroup":"DOMAIN COMPUTERS@DOLLARCORP.MONEYCORP.LOCAL","LocalAdmins":[],"RemoteDesktopUsers":[],"DcomUsers":[],"AllowedToDelegate":[],"Aces":null},{"Properties":{"objectsid":"S-1-5-21-1874506631-3219952063-538504511-1111","highvalue":false,"domain":"DOLLARCORP.MONEYCORP.LOCAL","enabled":true,"unconstraineddelegation":false,"lastlogon":1588407108,"pwdlastset":1553661260,"serviceprincipalnames":["MSSQLSvc/dcorp-mssql.dollarcorp.moneycorp.local:1433","MSSQLSvc/dcorp-mssql.dollarcorp.moneycorp.local","TERMSRV/DCORP-MSSQL","TERMSRV/dcorp-mssql.dollarcorp.moneycorp.local","WSMAN/dcorp-mssql","WSMAN/dcorp-mssql.dollarcorp.moneycorp.local","RestrictedKrbHost/DCORP-MSSQL","HOST/DCORP-MSSQL","RestrictedKrbHost/dcorp-mssql.dollarcorp.moneycorp.local","HOST/dcorp-mssql.dollarcorp.moneycorp.local"],"operatingsystem":"Windows Server 2016 Standard","description":null},"Name":"DCORP-MSSQL.DOLLARCORP.MONEYCORP.LOCAL","PrimaryGroup":"DOMAIN COMPUTERS@DOLLARCORP.MONEYCORP.LOCAL","LocalAdmins":[],"RemoteDesktopUsers":[],"DcomUsers":[],"AllowedToDelegate":[],"Aces":null},{"Properties":{"objectsid":"S-1-5-21-1874506631-3219952063-538504511-1135","highvalue":false,"domain":"DOLLARCORP.MONEYCORP.LOCAL","enabled":true,"unconstraineddelegation":false,"lastlogon":1588407056,"pwdlastset":1553661271,"serviceprincipalnames":["MSSQLSvc/dcorp-sql1.dollarcorp.moneycorp.local:1433","MSSQLSvc/dcorp-sql1.dollarcorp.moneycorp.local","WSMAN/dcorp-sql1","WSMAN/dcorp-sql1.dollarcorp.moneycorp.local","TERMSRV/DCORP-SQL1","TERMSRV/dcorp-sql1.dollarcorp.moneycorp.local","RestrictedKrbHost/DCORP-SQL1","HOST/DCORP-SQL1","RestrictedKrbHost/dcorp-sql1.dollarcorp.moneycorp.local","HOST/dcorp-sql1.dollarcorp.moneycorp.local"],"operatingsystem":"Windows Server 2016 Standard","description":null},"Name":"DCORP-SQL1.DOLLARCORP.MONEYCORP.LOCAL","PrimaryGroup":"DOMAIN COMPUTERS@DOLLARCORP.MONEYCORP.LOCAL","LocalAdmins":[],"RemoteDesktopUsers":[],"DcomUsers":[],"AllowedToDelegate":[],"Aces":null},{"Properties":{"objectsid":"S-1-5-21-1874506631-3219952063-538504511-1108","highvalue":false,"domain":"DOLLARCORP.MONEYCORP.LOCAL","enabled":true,"unconstraineddelegation":false,"lastlogon":1588407085,"pwdlastset":1553661235,"serviceprincipalnames":["WSMAN/dcorp-mgmt","WSMAN/dcorp-mgmt.dollarcorp.moneycorp.local","TERMSRV/DCORP-MGMT","TERMSRV/dcorp-mgmt.dollarcorp.moneycorp.local","RestrictedKrbHost/DCORP-MGMT","HOST/DCORP-MGMT","RestrictedKrbHost/dcorp-mgmt.dollarcorp.moneycorp.local","HOST/dcorp-mgmt.dollarcorp.moneycorp.local"],"operatingsystem":"Windows Server 2016 Standard","description":null},"Name":"DCORP-MGMT.DOLLARCORP.MONEYCORP.LOCAL","PrimaryGroup":"DOMAIN COMPUTERS@DOLLARCORP.MONEYCORP.LOCAL","LocalAdmins":[],"RemoteDesktopUsers":[],"DcomUsers":[],"AllowedToDelegate":[],"Aces":null},{"Properties":{"objectsid":"S-1-5-21-1874506631-3219952063-538504511-34155","highvalue":false,"domain":"DOLLARCORP.MONEYCORP.LOCAL","enabled":true,"unconstraineddelegation":false,"lastlogon":1588407074,"pwdlastset":1587973940,"serviceprincipalnames":["WSMAN/dcorp-std137","WSMAN/dcorp-std137.dollarcorp.moneycorp.local","TERMSRV/DCORP-STD137","TERMSRV/dcorp-std137.dollarcorp.moneycorp.local","RestrictedKrbHost/DCORP-STD137","HOST/DCORP-STD137","RestrictedKrbHost/dcorp-std137.dollarcorp.moneycorp.local","HOST/dcorp-std137.dollarcorp.moneycorp.local"],"operatingsystem":"Windows Server 2016 Standard","description":null},"Name":"DCORP-STD137.DOLLARCORP.MONEYCORP.LOCAL","PrimaryGroup":"DOMAIN COMPUTERS@DOLLARCORP.MONEYCORP.LOCAL","LocalAdmins":[{"Name":"DOMAIN ADMINS@DOLLARCORP.MONEYCORP.LOCAL","Type":"Group"},{"Name":"ADMINISTRATOR@DOLLARCORP.MONEYCORP.LOCAL","Type":"User"},{"Name":"STUDENT137@DOLLARCORP.MONEYCORP.LOCAL","Type":"User"}],"RemoteDesktopUsers":[{"Name":"STUDENT137@DOLLARCORP.MONEYCORP.LOCAL","Type":"User"}],"DcomUsers":[],"AllowedToDelegate":[],"Aces":null},{"Properties":{"objectsid":"S-1-5-21-1874506631-3219952063-538504511-1128","highvalue":false,"domain":"DOLLARCORP.MONEYCORP.LOCAL","enabled":true,"unconstraineddelegation":true,"lastlogon":1588407098,"pwdlastset":1555742066,"serviceprincipalnames":["TERMSRV/DCORP-APPSRV","TERMSRV/dcorp-appsrv.dollarcorp.moneycorp.local","WSMAN/dcorp-appsrv","WSMAN/dcorp-appsrv.dollarcorp.moneycorp.local","RestrictedKrbHost/DCORP-APPSRV","HOST/DCORP-APPSRV","RestrictedKrbHost/dcorp-appsrv.dollarcorp.moneycorp.local","HOST/dcorp-appsrv.dollarcorp.moneycorp.local"],"operatingsystem":"Windows Server 2016 Standard","description":null},"Name":"DCORP-APPSRV.DOLLARCORP.MONEYCORP.LOCAL","PrimaryGroup":"DOMAIN COMPUTERS@DOLLARCORP.MONEYCORP.LOCAL","LocalAdmins":[],"RemoteDesktopUsers":[],"DcomUsers":[],"AllowedToDelegate":[],"Aces":null},{"Properties":{"objectsid":"S-1-5-21-1874506631-3219952063-538504511-34158","highvalue":false,"domain":"DOLLARCORP.MONEYCORP.LOCAL","enabled":true,"unconstraineddelegation":false,"lastlogon":1588407108,"pwdlastset":1581073382,"serviceprincipalnames":["WSMAN/dcorp-std140","WSMAN/dcorp-std140.dollarcorp.moneycorp.local","TERMSRV/DCORP-STD140","TERMSRV/dcorp-std140.dollarcorp.moneycorp.local","RestrictedKrbHost/DCORP-STD140","HOST/DCORP-STD140","RestrictedKrbHost/dcorp-std140.dollarcorp.moneycorp.local","HOST/dcorp-std140.dollarcorp.moneycorp.local"],"operatingsystem":"Windows Server 2016 Standard","description":null},"Name":"DCORP-STD140.DOLLARCORP.MONEYCORP.LOCAL","PrimaryGroup":"DOMAIN COMPUTERS@DOLLARCORP.MONEYCORP.LOCAL","LocalAdmins":[],"RemoteDesktopUsers":[],"DcomUsers":[],"AllowedToDelegate":[],"Aces":null},{"Properties":{"objectsid":"S-1-5-21-1874506631-3219952063-538504511-34151","highvalue":false,"domain":"DOLLARCORP.MONEYCORP.LOCAL","enabled":true,"unconstraineddelegation":false,"lastlogon":1588407075,"pwdlastset":1581073424,"serviceprincipalnames":["WSMAN/dcorp-std133","WSMAN/dcorp-std133.dollarcorp.moneycorp.local","TERMSRV/DCORP-STD133","TERMSRV/dcorp-std133.dollarcorp.moneycorp.local","RestrictedKrbHost/DCORP-STD133","HOST/DCORP-STD133","RestrictedKrbHost/dcorp-std133.dollarcorp.moneycorp.local","HOST/dcorp-std133.dollarcorp.moneycorp.local"],"operatingsystem":"Windows Server 2016 Standard","description":null},"Name":"DCORP-STD133.DOLLARCORP.MONEYCORP.LOCAL","PrimaryGroup":"DOMAIN COMPUTERS@DOLLARCORP.MONEYCORP.LOCAL","LocalAdmins":[],"RemoteDesktopUsers":[],"DcomUsers":[],"AllowedToDelegate":[],"Aces":null},{"Properties":{"objectsid":"S-1-5-21-1874506631-3219952063-538504511-34160","highvalue":false,"domain":"DOLLARCORP.MONEYCORP.LOCAL","enabled":true,"unconstraineddelegation":false,"lastlogon":1588407094,"pwdlastset":1581076042,"serviceprincipalnames":["WSMAN/dcorp-std142","WSMAN/dcorp-std142.dollarcorp.moneycorp.local","TERMSRV/DCORP-STD142","TERMSRV/dcorp-std142.dollarcorp.moneycorp.local","RestrictedKrbHost/DCORP-STD142","HOST/DCORP-STD142","RestrictedKrbHost/dcorp-std142.dollarcorp.moneycorp.local","HOST/dcorp-std142.dollarcorp.moneycorp.local"],"operatingsystem":"Windows Server 2016 Standard","description":null},"Name":"DCORP-STD142.DOLLARCORP.MONEYCORP.LOCAL","PrimaryGroup":"DOMAIN COMPUTERS@DOLLARCORP.MONEYCORP.LOCAL","LocalAdmins":[],"RemoteDesktopUsers":[],"DcomUsers":[],"AllowedToDelegate":[],"Aces":null},{"Properties":{"objectsid":"S-1-5-21-1874506631-3219952063-538504511-34159","highvalue":false,"domain":"DOLLARCORP.MONEYCORP.LOCAL","enabled":true,"unconstraineddelegation":false,"lastlogon":1588407086,"pwdlastset":1583585092,"serviceprincipalnames":["WSMAN/dcorp-std141","WSMAN/dcorp-std141.dollarcorp.moneycorp.local","TERMSRV/DCORP-STD141","TERMSRV/dcorp-std141.dollarcorp.moneycorp.local","RestrictedKrbHost/DCORP-STD141","HOST/DCORP-STD141","RestrictedKrbHost/dcorp-std141.dollarcorp.moneycorp.local","HOST/dcorp-std141.dollarcorp.moneycorp.local"],"operatingsystem":"Windows Server 2016 Standard","description":null},"Name":"DCORP-STD141.DOLLARCORP.MONEYCORP.LOCAL","PrimaryGroup":"DOMAIN COMPUTERS@DOLLARCORP.MONEYCORP.LOCAL","LocalAdmins":[],"RemoteDesktopUsers":[],"DcomUsers":[],"AllowedToDelegate":[],"Aces":null},{"Properties":{"objectsid":"S-1-5-21-1874506631-3219952063-538504511-34156","highvalue":false,"domain":"DOLLARCORP.MONEYCORP.LOCAL","enabled":true,"unconstraineddelegation":false,"lastlogon":1588407067,"pwdlastset":1581073360,"serviceprincipalnames":["WSMAN/dcorp-std138","WSMAN/dcorp-std138.dollarcorp.moneycorp.local","TERMSRV/DCORP-STD138","TERMSRV/dcorp-std138.dollarcorp.moneycorp.local","RestrictedKrbHost/DCORP-STD138","HOST/DCORP-STD138","RestrictedKrbHost/dcorp-std138.dollarcorp.moneycorp.local","HOST/dcorp-std138.dollarcorp.moneycorp.local"],"operatingsystem":"Windows Server 2016 Standard","description":null},"Name":"DCORP-STD138.DOLLARCORP.MONEYCORP.LOCAL","PrimaryGroup":"DOMAIN COMPUTERS@DOLLARCORP.MONEYCORP.LOCAL","LocalAdmins":[],"RemoteDesktopUsers":[],"DcomUsers":[],"AllowedToDelegate":[],"Aces":null},{"Properties":{"objectsid":"S-1-5-21-1874506631-3219952063-538504511-34154","highvalue":false,"domain":"DOLLARCORP.MONEYCORP.LOCAL","enabled":true,"unconstraineddelegation":false,"lastlogon":1588407075,"pwdlastset":1581073330,"serviceprincipalnames":["WSMAN/dcorp-std136","WSMAN/dcorp-std136.dollarcorp.moneycorp.local","TERMSRV/DCORP-STD136","TERMSRV/dcorp-std136.dollarcorp.moneycorp.local","RestrictedKrbHost/DCORP-STD136","HOST/DCORP-STD136","RestrictedKrbHost/dcorp-std136.dollarcorp.moneycorp.local","HOST/dcorp-std136.dollarcorp.moneycorp.local"],"operatingsystem":"Windows Server 2016 Standard","description":null},"Name":"DCORP-STD136.DOLLARCORP.MONEYCORP.LOCAL","PrimaryGroup":"DOMAIN COMPUTERS@DOLLARCORP.MONEYCORP.LOCAL","LocalAdmins":[],"RemoteDesktopUsers":[],"DcomUsers":[],"AllowedToDelegate":[],"Aces":null},{"Properties":{"objectsid":"S-1-5-21-1874506631-3219952063-538504511-34153","highvalue":false,"domain":"DOLLARCORP.MONEYCORP.LOCAL","enabled":true,"unconstraineddelegation":false,"lastlogon":1588407098,"pwdlastset":1581073308,"serviceprincipalnames":["WSMAN/dcorp-std135","WSMAN/dcorp-std135.dollarcorp.moneycorp.local","TERMSRV/DCORP-STD135","TERMSRV/dcorp-std135.dollarcorp.moneycorp.local","RestrictedKrbHost/DCORP-STD135","HOST/DCORP-STD135","RestrictedKrbHost/dcorp-std135.dollarcorp.moneycorp.local","HOST/dcorp-std135.dollarcorp.moneycorp.local"],"operatingsystem":"Windows Server 2016 Standard","description":null},"Name":"DCORP-STD135.DOLLARCORP.MONEYCORP.LOCAL","PrimaryGroup":"DOMAIN COMPUTERS@DOLLARCORP.MONEYCORP.LOCAL","LocalAdmins":[],"RemoteDesktopUsers":[],"DcomUsers":[],"AllowedToDelegate":[],"Aces":null},{"Properties":{"objectsid":"S-1-5-21-1874506631-3219952063-538504511-34150","highvalue":false,"domain":"DOLLARCORP.MONEYCORP.LOCAL","enabled":true,"unconstraineddelegation":false,"lastlogon":1588407088,"pwdlastset":1586858784,"serviceprincipalnames":["WSMAN/dcorp-std132","WSMAN/dcorp-std132.dollarcorp.moneycorp.local","TERMSRV/DCORP-STD132","TERMSRV/dcorp-std132.dollarcorp.moneycorp.local","RestrictedKrbHost/DCORP-STD132","HOST/DCORP-STD132","RestrictedKrbHost/dcorp-std132.dollarcorp.moneycorp.local","HOST/dcorp-std132.dollarcorp.moneycorp.local"],"operatingsystem":"Windows Server 2016 Standard","description":null},"Name":"DCORP-STD132.DOLLARCORP.MONEYCORP.LOCAL","PrimaryGroup":"DOMAIN COMPUTERS@DOLLARCORP.MONEYCORP.LOCAL","LocalAdmins":[],"RemoteDesktopUsers":[],"DcomUsers":[],"AllowedToDelegate":[],"Aces":null},{"Properties":{"objectsid":"S-1-5-21-1874506631-3219952063-538504511-34149","highvalue":false,"domain":"DOLLARCORP.MONEYCORP.LOCAL","enabled":true,"unconstraineddelegation":false,"lastlogon":1588407110,"pwdlastset":1581063134,"serviceprincipalnames":["WSMAN/dcorp-std131","WSMAN/dcorp-std131.dollarcorp.moneycorp.local","TERMSRV/DCORP-STD131","TERMSRV/dcorp-std131.dollarcorp.moneycorp.local","RestrictedKrbHost/DCORP-STD131","HOST/DCORP-STD131","RestrictedKrbHost/dcorp-std131.dollarcorp.moneycorp.local","HOST/dcorp-std131.dollarcorp.moneycorp.local"],"operatingsystem":"Windows Server 2016 Standard","description":null},"Name":"DCORP-STD131.DOLLARCORP.MONEYCORP.LOCAL","PrimaryGroup":"DOMAIN COMPUTERS@DOLLARCORP.MONEYCORP.LOCAL","LocalAdmins":[],"RemoteDesktopUsers":[],"DcomUsers":[],"AllowedToDelegate":[],"Aces":null},{"Properties":{"objectsid":"S-1-5-21-1874506631-3219952063-538504511-34152","highvalue":false,"domain":"DOLLARCORP.MONEYCORP.LOCAL","enabled":true,"unconstraineddelegation":false,"lastlogon":1588407084,"pwdlastset":1581072846,"serviceprincipalnames":["WSMAN/dcorp-std134","WSMAN/dcorp-std134.dollarcorp.moneycorp.local","TERMSRV/DCORP-STD134","TERMSRV/dcorp-std134.dollarcorp.moneycorp.local","RestrictedKrbHost/DCORP-STD134","HOST/DCORP-STD134","RestrictedKrbHost/dcorp-std134.dollarcorp.moneycorp.local","HOST/dcorp-std134.dollarcorp.moneycorp.local"],"operatingsystem":"Windows Server 2016 Standard","description":null},"Name":"DCORP-STD134.DOLLARCORP.MONEYCORP.LOCAL","PrimaryGroup":"DOMAIN COMPUTERS@DOLLARCORP.MONEYCORP.LOCAL","LocalAdmins":[],"RemoteDesktopUsers":[],"DcomUsers":[],"AllowedToDelegate":[],"Aces":null},{"Properties":{"objectsid":"S-1-5-21-1874506631-3219952063-538504511-34157","highvalue":false,"domain":"DOLLARCORP.MONEYCORP.LOCAL","enabled":true,"unconstraineddelegation":false,"lastlogon":1588407088,"pwdlastset":1581073370,"serviceprincipalnames":["WSMAN/dcorp-std139","WSMAN/dcorp-std139.dollarcorp.moneycorp.local","TERMSRV/DCORP-STD139","TERMSRV/dcorp-std139.dollarcorp.moneycorp.local","RestrictedKrbHost/DCORP-STD139","HOST/DCORP-STD139","RestrictedKrbHost/dcorp-std139.dollarcorp.moneycorp.local","HOST/dcorp-std139.dollarcorp.moneycorp.local"],"operatingsystem":"Windows Server 2016 Standard","description":null},"Name":"DCORP-STD139.DOLLARCORP.MONEYCORP.LOCAL","PrimaryGroup":"DOMAIN COMPUTERS@DOLLARCORP.MONEYCORP.LOCAL","LocalAdmins":[],"RemoteDesktopUsers":[],"DcomUsers":[],"AllowedToDelegate":[],"Aces":null},{"Properties":{"objectsid":"S-1-5-21-1874506631-3219952063-538504511-1000","highvalue":false,"domain":"DOLLARCORP.MONEYCORP.LOCAL","enabled":true,"unconstraineddelegation":true,"lastlogon":1588400133,"pwdlastset":1587017890,"serviceprincipalnames":["ldap/dcorp-dc.dollarcorp.moneycorp.local/DomainDnsZones.dollarcorp.moneycorp.local","TERMSRV/DCORP-DC","TERMSRV/dcorp-dc.dollarcorp.moneycorp.local","Dfsr-12F9A27C-BF97-4787-9364-D31B6C55EB04/dcorp-dc.dollarcorp.moneycorp.local","ldap/dcorp-dc.dollarcorp.moneycorp.local/ForestDnsZones.moneycorp.local","DNS/dcorp-dc.dollarcorp.moneycorp.local","GC/dcorp-dc.dollarcorp.moneycorp.local/moneycorp.local","RestrictedKrbHost/dcorp-dc.dollarcorp.moneycorp.local","RestrictedKrbHost/DCORP-DC","RPC/9145a9b9-54d9-4c8d-98ef-c3b22790a5bd._msdcs.moneycorp.local","HOST/DCORP-DC/dcorp","HOST/dcorp-dc.dollarcorp.moneycorp.local/dcorp","HOST/DCORP-DC","HOST/dcorp-dc.dollarcorp.moneycorp.local","HOST/dcorp-dc.dollarcorp.moneycorp.local/dollarcorp.moneycorp.local","E3514235-4B06-11D1-AB04-00C04FC2DCD2/9145a9b9-54d9-4c8d-98ef-c3b22790a5bd/dollarcorp.moneycorp.local","ldap/DCORP-DC/dcorp","ldap/9145a9b9-54d9-4c8d-98ef-c3b22790a5bd._msdcs.moneycorp.local","ldap/dcorp-dc.dollarcorp.moneycorp.local/dcorp","ldap/DCORP-DC","ldap/dcorp-dc.dollarcorp.moneycorp.local","ldap/dcorp-dc.dollarcorp.moneycorp.local/dollarcorp.moneycorp.local"],"operatingsystem":"Windows Server 2016 Standard","description":null},"Name":"DCORP-DC.DOLLARCORP.MONEYCORP.LOCAL","PrimaryGroup":"DOMAIN CONTROLLERS@DOLLARCORP.MONEYCORP.LOCAL","LocalAdmins":[{"Name":"ADMINISTRATOR@DOLLARCORP.MONEYCORP.LOCAL","Type":"User"},{"Name":"DOMAIN ADMINS@DOLLARCORP.MONEYCORP.LOCAL","Type":"Group"}],"RemoteDesktopUsers":[],"DcomUsers":[],"AllowedToDelegate":[],"Aces":null}],"meta":{"count":20,"type":"computers"}}