﻿{"users":[{"Properties":{"domain":"DOLLARCORP.MONEYCORP.LOCAL","objectsid":"S-1-5-21-1874506631-3219952063-538504511-502","highvalue":false,"enabled":false,"lastlogon":0,"pwdlastset":1550386906,"serviceprincipalnames":["kadmin/changepw"],"hasspn":true,"displayname":null,"email":null,"title":null,"homedirectory":null,"description":"Key Distribution Center Service Account","userpassword":null,"sensitive":false,"dontreqpreauth":false,"admincount":true},"Name":"KRBTGT@DOLLARCORP.MONEYCORP.LOCAL","PrimaryGroup":"DOMAIN USERS@DOLLARCORP.MONEYCORP.LOCAL","Aces":[{"PrincipalName":"DOMAIN ADMINS@DOLLARCORP.MONEYCORP.LOCAL","PrincipalType":"group","RightName":"Owner","AceType":""},{"PrincipalName":"DOMAIN ADMINS@DOLLARCORP.MONEYCORP.LOCAL","PrincipalType":"group","RightName":"GenericWrite","AceType":""},{"PrincipalName":"DOMAIN ADMINS@DOLLARCORP.MONEYCORP.LOCAL","PrincipalType":"group","RightName":"WriteOwner","AceType":""},{"PrincipalName":"DOMAIN ADMINS@DOLLARCORP.MONEYCORP.LOCAL","PrincipalType":"group","RightName":"WriteDacl","AceType":""},{"PrincipalName":"ADMINISTRATORS@DOLLARCORP.MONEYCORP.LOCAL","PrincipalType":"group","RightName":"GenericWrite","AceType":""},{"PrincipalName":"ADMINISTRATORS@DOLLARCORP.MONEYCORP.LOCAL","PrincipalType":"group","RightName":"WriteOwner","AceType":""},{"PrincipalName":"ADMINISTRATORS@DOLLARCORP.MONEYCORP.LOCAL","PrincipalType":"group","RightName":"WriteDacl","AceType":""}],"AllowedToDelegate":[]},{"Properties":{"domain":"DOLLARCORP.MONEYCORP.LOCAL","objectsid":"S-1-5-21-1874506631-3219952063-538504511-1122","highvalue":false,"enabled":true,"lastlogon":1575030823,"pwdlastset":1550413370,"serviceprincipalnames":["MSSQLSvc/dcorp-mgmt.dollarcorp.moneycorp.local:1433","MSSQLSvc/dcorp-mgmt.dollarcorp.moneycorp.local"],"hasspn":true,"displayname":"svc admin","email":null,"title":null,"homedirectory":null,"description":"Account to be used for services which need high privileges.","userpassword":null,"sensitive":false,"dontreqpreauth":false,"admincount":true},"Name":"SVCADMIN@DOLLARCORP.MONEYCORP.LOCAL","PrimaryGroup":"DOMAIN USERS@DOLLARCORP.MONEYCORP.LOCAL","Aces":[{"PrincipalName":"DOMAIN ADMINS@DOLLARCORP.MONEYCORP.LOCAL","PrincipalType":"group","RightName":"Owner","AceType":""},{"PrincipalName":"DOMAIN ADMINS@DOLLARCORP.MONEYCORP.LOCAL","PrincipalType":"group","RightName":"GenericWrite","AceType":""},{"PrincipalName":"DOMAIN ADMINS@DOLLARCORP.MONEYCORP.LOCAL","PrincipalType":"group","RightName":"WriteOwner","AceType":""},{"PrincipalName":"DOMAIN ADMINS@DOLLARCORP.MONEYCORP.LOCAL","PrincipalType":"group","RightName":"WriteDacl","AceType":""},{"PrincipalName":"ADMINISTRATORS@DOLLARCORP.MONEYCORP.LOCAL","PrincipalType":"group","RightName":"GenericWrite","AceType":""},{"PrincipalName":"ADMINISTRATORS@DOLLARCORP.MONEYCORP.LOCAL","PrincipalType":"group","RightName":"WriteOwner","AceType":""},{"PrincipalName":"ADMINISTRATORS@DOLLARCORP.MONEYCORP.LOCAL","PrincipalType":"group","RightName":"WriteDacl","AceType":""}],"AllowedToDelegate":[]},{"Properties":{"domain":"DOLLARCORP.MONEYCORP.LOCAL","objectsid":"S-1-5-21-1874506631-3219952063-538504511-1115","highvalue":false,"enabled":true,"lastlogon":1588371569,"pwdlastset":1550409987,"serviceprincipalnames":[],"hasspn":false,"displayname":"srv admin","email":null,"title":null,"homedirectory":null,"description":null,"userpassword":null,"sensitive":false,"dontreqpreauth":false,"admincount":false},"Name":"SRVADMIN@DOLLARCORP.MONEYCORP.LOCAL","PrimaryGroup":"DOMAIN USERS@DOLLARCORP.MONEYCORP.LOCAL","Aces":[{"PrincipalName":"DOMAIN ADMINS@DOLLARCORP.MONEYCORP.LOCAL","PrincipalType":"group","RightName":"Owner","AceType":""},{"PrincipalName":"DOMAIN ADMINS@DOLLARCORP.MONEYCORP.LOCAL","PrincipalType":"group","RightName":"GenericAll","AceType":""},{"PrincipalName":"ACCOUNT OPERATORS@DOLLARCORP.MONEYCORP.LOCAL","PrincipalType":"group","RightName":"GenericAll","AceType":""},{"PrincipalName":"ADMINISTRATORS@DOLLARCORP.MONEYCORP.LOCAL","PrincipalType":"group","RightName":"GenericWrite","AceType":""},{"PrincipalName":"ADMINISTRATORS@DOLLARCORP.MONEYCORP.LOCAL","PrincipalType":"group","RightName":"WriteOwner","AceType":""},{"PrincipalName":"ADMINISTRATORS@DOLLARCORP.MONEYCORP.LOCAL","PrincipalType":"group","RightName":"WriteDacl","AceType":""}],"AllowedToDelegate":[]},{"Properties":{"domain":"DOLLARCORP.MONEYCORP.LOCAL","objectsid":"S-1-5-21-1874506631-3219952063-538504511-1112","highvalue":false,"enabled":true,"lastlogon":1588372728,"pwdlastset":1550408096,"serviceprincipalnames":[],"hasspn":false,"displayname":"sql admin","email":null,"title":null,"homedirectory":null,"description":null,"userpassword":null,"sensitive":false,"dontreqpreauth":false,"admincount":false},"Name":"SQLADMIN@DOLLARCORP.MONEYCORP.LOCAL","PrimaryGroup":"DOMAIN USERS@DOLLARCORP.MONEYCORP.LOCAL","Aces":[{"PrincipalName":"DOMAIN ADMINS@DOLLARCORP.MONEYCORP.LOCAL","PrincipalType":"group","RightName":"Owner","AceType":""},{"PrincipalName":"DOMAIN ADMINS@DOLLARCORP.MONEYCORP.LOCAL","PrincipalType":"group","RightName":"GenericAll","AceType":""},{"PrincipalName":"ACCOUNT OPERATORS@DOLLARCORP.MONEYCORP.LOCAL","PrincipalType":"group","RightName":"GenericAll","AceType":""},{"PrincipalName":"ADMINISTRATORS@DOLLARCORP.MONEYCORP.LOCAL","PrincipalType":"group","RightName":"GenericWrite","AceType":""},{"PrincipalName":"ADMINISTRATORS@DOLLARCORP.MONEYCORP.LOCAL","PrincipalType":"group","RightName":"WriteOwner","AceType":""},{"PrincipalName":"ADMINISTRATORS@DOLLARCORP.MONEYCORP.LOCAL","PrincipalType":"group","RightName":"WriteDacl","AceType":""}],"AllowedToDelegate":[]},{"Properties":{"domain":"DOLLARCORP.MONEYCORP.LOCAL","objectsid":"S-1-5-21-1874506631-3219952063-538504511-1121","highvalue":false,"enabled":true,"lastlogon":1588372627,"pwdlastset":1550412992,"serviceprincipalnames":[],"hasspn":false,"displayname":"mgmt admin","email":null,"title":null,"homedirectory":null,"description":null,"userpassword":null,"sensitive":false,"dontreqpreauth":false,"admincount":false},"Name":"MGMTADMIN@DOLLARCORP.MONEYCORP.LOCAL","PrimaryGroup":"DOMAIN USERS@DOLLARCORP.MONEYCORP.LOCAL","Aces":[{"PrincipalName":"DOMAIN ADMINS@DOLLARCORP.MONEYCORP.LOCAL","PrincipalType":"group","RightName":"Owner","AceType":""},{"PrincipalName":"DOMAIN ADMINS@DOLLARCORP.MONEYCORP.LOCAL","PrincipalType":"group","RightName":"GenericAll","AceType":""},{"PrincipalName":"ACCOUNT OPERATORS@DOLLARCORP.MONEYCORP.LOCAL","PrincipalType":"group","RightName":"GenericAll","AceType":""},{"PrincipalName":"ADMINISTRATORS@DOLLARCORP.MONEYCORP.LOCAL","PrincipalType":"group","RightName":"GenericWrite","AceType":""},{"PrincipalName":"ADMINISTRATORS@DOLLARCORP.MONEYCORP.LOCAL","PrincipalType":"group","RightName":"WriteOwner","AceType":""},{"PrincipalName":"ADMINISTRATORS@DOLLARCORP.MONEYCORP.LOCAL","PrincipalType":"group","RightName":"WriteDacl","AceType":""}],"AllowedToDelegate":[]},{"Properties":{"domain":"DOLLARCORP.MONEYCORP.LOCAL","objectsid":"S-1-5-21-1874506631-3219952063-538504511-1117","highvalue":false,"enabled":true,"lastlogon":1588372186,"pwdlastset":1550410061,"serviceprincipalnames":[],"hasspn":false,"displayname":"app admin","email":null,"title":null,"homedirectory":null,"description":null,"userpassword":null,"sensitive":false,"dontreqpreauth":false,"admincount":false},"Name":"APPADMIN@DOLLARCORP.MONEYCORP.LOCAL","PrimaryGroup":"DOMAIN USERS@DOLLARCORP.MONEYCORP.LOCAL","Aces":[{"PrincipalName":"DOMAIN ADMINS@DOLLARCORP.MONEYCORP.LOCAL","PrincipalType":"group","RightName":"Owner","AceType":""},{"PrincipalName":"DOMAIN ADMINS@DOLLARCORP.MONEYCORP.LOCAL","PrincipalType":"group","RightName":"GenericAll","AceType":""},{"PrincipalName":"ACCOUNT OPERATORS@DOLLARCORP.MONEYCORP.LOCAL","PrincipalType":"group","RightName":"GenericAll","AceType":""},{"PrincipalName":"ADMINISTRATORS@DOLLARCORP.MONEYCORP.LOCAL","PrincipalType":"group","RightName":"GenericWrite","AceType":""},{"PrincipalName":"ADMINISTRATORS@DOLLARCORP.MONEYCORP.LOCAL","PrincipalType":"group","RightName":"WriteOwner","AceType":""},{"PrincipalName":"ADMINISTRATORS@DOLLARCORP.MONEYCORP.LOCAL","PrincipalType":"group","RightName":"WriteDacl","AceType":""}],"AllowedToDelegate":[]},{"Properties":{"domain":"DOLLARCORP.MONEYCORP.LOCAL","objectsid":"S-1-5-21-1874506631-3219952063-538504511-503","highvalue":false,"enabled":false,"lastlogon":0,"pwdlastset":0,"serviceprincipalnames":[],"hasspn":false,"displayname":null,"email":null,"title":null,"homedirectory":null,"description":"A user account managed by the system.","userpassword":null,"sensitive":false,"dontreqpreauth":false,"admincount":false},"Name":"DEFAULTACCOUNT@DOLLARCORP.MONEYCORP.LOCAL","PrimaryGroup":"DOMAIN USERS@DOLLARCORP.MONEYCORP.LOCAL","Aces":[{"PrincipalName":"ADMINISTRATORS@DOLLARCORP.MONEYCORP.LOCAL","PrincipalType":"group","RightName":"Owner","AceType":""},{"PrincipalName":"DOMAIN ADMINS@DOLLARCORP.MONEYCORP.LOCAL","PrincipalType":"group","RightName":"GenericAll","AceType":""},{"PrincipalName":"ACCOUNT OPERATORS@DOLLARCORP.MONEYCORP.LOCAL","PrincipalType":"group","RightName":"GenericAll","AceType":""},{"PrincipalName":"ADMINISTRATORS@DOLLARCORP.MONEYCORP.LOCAL","PrincipalType":"group","RightName":"GenericWrite","AceType":""},{"PrincipalName":"ADMINISTRATORS@DOLLARCORP.MONEYCORP.LOCAL","PrincipalType":"group","RightName":"WriteOwner","AceType":""},{"PrincipalName":"ADMINISTRATORS@DOLLARCORP.MONEYCORP.LOCAL","PrincipalType":"group","RightName":"WriteDacl","AceType":""}],"AllowedToDelegate":[]},{"Properties":{"domain":"DOLLARCORP.MONEYCORP.LOCAL","objectsid":"S-1-5-21-1874506631-3219952063-538504511-1113","highvalue":false,"allowedtodelegate":["CIFS/dcorp-mssql.dollarcorp.moneycorp.LOCAL","CIFS/dcorp-mssql"],"enabled":true,"lastlogon":1555343975,"pwdlastset":1550408466,"serviceprincipalnames":["SNMP/ufc-adminsrv.dollarcorp.moneycorp.LOCAL","SNMP/ufc-adminsrv"],"hasspn":true,"displayname":"web svc","email":null,"title":null,"homedirectory":null,"description":null,"userpassword":null,"sensitive":false,"dontreqpreauth":false,"admincount":false},"Name":"WEBSVC@DOLLARCORP.MONEYCORP.LOCAL","PrimaryGroup":"DOMAIN USERS@DOLLARCORP.MONEYCORP.LOCAL","Aces":[{"PrincipalName":"DOMAIN ADMINS@DOLLARCORP.MONEYCORP.LOCAL","PrincipalType":"group","RightName":"Owner","AceType":""},{"PrincipalName":"DOMAIN ADMINS@DOLLARCORP.MONEYCORP.LOCAL","PrincipalType":"group","RightName":"GenericAll","AceType":""},{"PrincipalName":"ACCOUNT OPERATORS@DOLLARCORP.MONEYCORP.LOCAL","PrincipalType":"group","RightName":"GenericAll","AceType":""},{"PrincipalName":"ADMINISTRATORS@DOLLARCORP.MONEYCORP.LOCAL","PrincipalType":"group","RightName":"GenericWrite","AceType":""},{"PrincipalName":"ADMINISTRATORS@DOLLARCORP.MONEYCORP.LOCAL","PrincipalType":"group","RightName":"WriteOwner","AceType":""},{"PrincipalName":"ADMINISTRATORS@DOLLARCORP.MONEYCORP.LOCAL","PrincipalType":"group","RightName":"WriteDacl","AceType":""}],"AllowedToDelegate":["DCORP-MSSQL.DOLLARCORP.MONEYCORP.LOCAL"]},{"Properties":{"domain":"DOLLARCORP.MONEYCORP.LOCAL","objectsid":"S-1-5-21-1874506631-3219952063-538504511-1109","highvalue":false,"enabled":true,"lastlogon":1588372022,"pwdlastset":1550403627,"serviceprincipalnames":[],"hasspn":false,"displayname":"ci admin","email":null,"title":null,"homedirectory":null,"description":null,"userpassword":null,"sensitive":false,"dontreqpreauth":false,"admincount":false},"Name":"CIADMIN@DOLLARCORP.MONEYCORP.LOCAL","PrimaryGroup":"DOMAIN USERS@DOLLARCORP.MONEYCORP.LOCAL","Aces":[{"PrincipalName":"DOMAIN ADMINS@DOLLARCORP.MONEYCORP.LOCAL","PrincipalType":"group","RightName":"Owner","AceType":""},{"PrincipalName":"DOMAIN ADMINS@DOLLARCORP.MONEYCORP.LOCAL","PrincipalType":"group","RightName":"GenericAll","AceType":""},{"PrincipalName":"ACCOUNT OPERATORS@DOLLARCORP.MONEYCORP.LOCAL","PrincipalType":"group","RightName":"GenericAll","AceType":""},{"PrincipalName":"ADMINISTRATORS@DOLLARCORP.MONEYCORP.LOCAL","PrincipalType":"group","RightName":"GenericWrite","AceType":""},{"PrincipalName":"ADMINISTRATORS@DOLLARCORP.MONEYCORP.LOCAL","PrincipalType":"group","RightName":"WriteOwner","AceType":""},{"PrincipalName":"ADMINISTRATORS@DOLLARCORP.MONEYCORP.LOCAL","PrincipalType":"group","RightName":"WriteDacl","AceType":""}],"AllowedToDelegate":[]},{"Properties":{"domain":"DOLLARCORP.MONEYCORP.LOCAL","objectsid":"S-1-5-21-1874506631-3219952063-538504511-1211","highvalue":false,"enabled":true,"lastlogon":0,"pwdlastset":1550488307,"serviceprincipalnames":[],"hasspn":false,"displayname":"test da","email":null,"title":null,"homedirectory":null,"description":"Not what the name implies ;)","userpassword":null,"sensitive":false,"dontreqpreauth":false,"admincount":false},"Name":"TESTDA@DOLLARCORP.MONEYCORP.LOCAL","PrimaryGroup":"DOMAIN USERS@DOLLARCORP.MONEYCORP.LOCAL","Aces":[{"PrincipalName":"DOMAIN ADMINS@DOLLARCORP.MONEYCORP.LOCAL","PrincipalType":"group","RightName":"Owner","AceType":""},{"PrincipalName":"DOMAIN ADMINS@DOLLARCORP.MONEYCORP.LOCAL","PrincipalType":"group","RightName":"GenericAll","AceType":""},{"PrincipalName":"ACCOUNT OPERATORS@DOLLARCORP.MONEYCORP.LOCAL","PrincipalType":"group","RightName":"GenericAll","AceType":""},{"PrincipalName":"ADMINISTRATORS@DOLLARCORP.MONEYCORP.LOCAL","PrincipalType":"group","RightName":"GenericWrite","AceType":""},{"PrincipalName":"ADMINISTRATORS@DOLLARCORP.MONEYCORP.LOCAL","PrincipalType":"group","RightName":"WriteOwner","AceType":""},{"PrincipalName":"ADMINISTRATORS@DOLLARCORP.MONEYCORP.LOCAL","PrincipalType":"group","RightName":"WriteDacl","AceType":""}],"AllowedToDelegate":[]},{"Properties":{"domain":"DOLLARCORP.MONEYCORP.LOCAL","objectsid":"S-1-5-21-1874506631-3219952063-538504511-34163","highvalue":false,"enabled":true,"lastlogon":1581063296,"pwdlastset":1584622524,"serviceprincipalnames":[],"hasspn":false,"displayname":"student131","email":null,"title":null,"homedirectory":null,"description":null,"userpassword":null,"sensitive":false,"dontreqpreauth":false,"admincount":false},"Name":"STUDENT131@DOLLARCORP.MONEYCORP.LOCAL","PrimaryGroup":"DOMAIN USERS@DOLLARCORP.MONEYCORP.LOCAL","Aces":[{"PrincipalName":"DOMAIN ADMINS@DOLLARCORP.MONEYCORP.LOCAL","PrincipalType":"group","RightName":"Owner","AceType":""},{"PrincipalName":"DOMAIN ADMINS@DOLLARCORP.MONEYCORP.LOCAL","PrincipalType":"group","RightName":"GenericAll","AceType":""},{"PrincipalName":"ACCOUNT OPERATORS@DOLLARCORP.MONEYCORP.LOCAL","PrincipalType":"group","RightName":"GenericAll","AceType":""},{"PrincipalName":"ADMINISTRATORS@DOLLARCORP.MONEYCORP.LOCAL","PrincipalType":"group","RightName":"GenericWrite","AceType":""},{"PrincipalName":"ADMINISTRATORS@DOLLARCORP.MONEYCORP.LOCAL","PrincipalType":"group","RightName":"WriteOwner","AceType":""},{"PrincipalName":"ADMINISTRATORS@DOLLARCORP.MONEYCORP.LOCAL","PrincipalType":"group","RightName":"WriteDacl","AceType":""}],"AllowedToDelegate":[]},{"Properties":{"domain":"DOLLARCORP.MONEYCORP.LOCAL","objectsid":"S-1-5-21-1874506631-3219952063-538504511-34164","highvalue":false,"enabled":true,"lastlogon":1584853745,"pwdlastset":1586606812,"serviceprincipalnames":[],"hasspn":false,"displayname":"student132","email":null,"title":null,"homedirectory":null,"description":null,"userpassword":null,"sensitive":false,"dontreqpreauth":false,"admincount":false},"Name":"STUDENT132@DOLLARCORP.MONEYCORP.LOCAL","PrimaryGroup":"DOMAIN USERS@DOLLARCORP.MONEYCORP.LOCAL","Aces":[{"PrincipalName":"DOMAIN ADMINS@DOLLARCORP.MONEYCORP.LOCAL","PrincipalType":"group","RightName":"Owner","AceType":""},{"PrincipalName":"DOMAIN ADMINS@DOLLARCORP.MONEYCORP.LOCAL","PrincipalType":"group","RightName":"GenericAll","AceType":""},{"PrincipalName":"ACCOUNT OPERATORS@DOLLARCORP.MONEYCORP.LOCAL","PrincipalType":"group","RightName":"GenericAll","AceType":""},{"PrincipalName":"ADMINISTRATORS@DOLLARCORP.MONEYCORP.LOCAL","PrincipalType":"group","RightName":"GenericWrite","AceType":""},{"PrincipalName":"ADMINISTRATORS@DOLLARCORP.MONEYCORP.LOCAL","PrincipalType":"group","RightName":"WriteOwner","AceType":""},{"PrincipalName":"ADMINISTRATORS@DOLLARCORP.MONEYCORP.LOCAL","PrincipalType":"group","RightName":"WriteDacl","AceType":""}],"AllowedToDelegate":[]},{"Properties":{"domain":"DOLLARCORP.MONEYCORP.LOCAL","objectsid":"S-1-5-21-1874506631-3219952063-538504511-34165","highvalue":false,"enabled":true,"lastlogon":1581073960,"pwdlastset":1584375776,"serviceprincipalnames":[],"hasspn":false,"displayname":"student133","email":null,"title":null,"homedirectory":null,"description":null,"userpassword":null,"sensitive":false,"dontreqpreauth":false,"admincount":false},"Name":"STUDENT133@DOLLARCORP.MONEYCORP.LOCAL","PrimaryGroup":"DOMAIN USERS@DOLLARCORP.MONEYCORP.LOCAL","Aces":[{"PrincipalName":"DOMAIN ADMINS@DOLLARCORP.MONEYCORP.LOCAL","PrincipalType":"group","RightName":"Owner","AceType":""},{"PrincipalName":"DOMAIN ADMINS@DOLLARCORP.MONEYCORP.LOCAL","PrincipalType":"group","RightName":"GenericAll","AceType":""},{"PrincipalName":"ACCOUNT OPERATORS@DOLLARCORP.MONEYCORP.LOCAL","PrincipalType":"group","RightName":"GenericAll","AceType":""},{"PrincipalName":"ADMINISTRATORS@DOLLARCORP.MONEYCORP.LOCAL","PrincipalType":"group","RightName":"GenericWrite","AceType":""},{"PrincipalName":"ADMINISTRATORS@DOLLARCORP.MONEYCORP.LOCAL","PrincipalType":"group","RightName":"WriteOwner","AceType":""},{"PrincipalName":"ADMINISTRATORS@DOLLARCORP.MONEYCORP.LOCAL","PrincipalType":"group","RightName":"WriteDacl","AceType":""}],"AllowedToDelegate":[]},{"Properties":{"domain":"DOLLARCORP.MONEYCORP.LOCAL","objectsid":"S-1-5-21-1874506631-3219952063-538504511-34166","highvalue":false,"enabled":true,"lastlogon":1581073131,"pwdlastset":1587017979,"serviceprincipalnames":[],"hasspn":false,"displayname":"student134","email":null,"title":null,"homedirectory":null,"description":null,"userpassword":null,"sensitive":false,"dontreqpreauth":false,"admincount":false},"Name":"STUDENT134@DOLLARCORP.MONEYCORP.LOCAL","PrimaryGroup":"DOMAIN USERS@DOLLARCORP.MONEYCORP.LOCAL","Aces":[{"PrincipalName":"DOMAIN ADMINS@DOLLARCORP.MONEYCORP.LOCAL","PrincipalType":"group","RightName":"Owner","AceType":""},{"PrincipalName":"DOMAIN ADMINS@DOLLARCORP.MONEYCORP.LOCAL","PrincipalType":"group","RightName":"GenericAll","AceType":""},{"PrincipalName":"ACCOUNT OPERATORS@DOLLARCORP.MONEYCORP.LOCAL","PrincipalType":"group","RightName":"GenericAll","AceType":""},{"PrincipalName":"ADMINISTRATORS@DOLLARCORP.MONEYCORP.LOCAL","PrincipalType":"group","RightName":"GenericWrite","AceType":""},{"PrincipalName":"ADMINISTRATORS@DOLLARCORP.MONEYCORP.LOCAL","PrincipalType":"group","RightName":"WriteOwner","AceType":""},{"PrincipalName":"ADMINISTRATORS@DOLLARCORP.MONEYCORP.LOCAL","PrincipalType":"group","RightName":"WriteDacl","AceType":""}],"AllowedToDelegate":[]},{"Properties":{"domain":"DOLLARCORP.MONEYCORP.LOCAL","objectsid":"S-1-5-21-1874506631-3219952063-538504511-34169","highvalue":false,"enabled":true,"lastlogon":1581073586,"pwdlastset":1587972958,"serviceprincipalnames":[],"hasspn":false,"displayname":"student137","email":null,"title":null,"homedirectory":null,"description":null,"userpassword":null,"sensitive":false,"dontreqpreauth":false,"admincount":false},"Name":"STUDENT137@DOLLARCORP.MONEYCORP.LOCAL","PrimaryGroup":"DOMAIN USERS@DOLLARCORP.MONEYCORP.LOCAL","Aces":[{"PrincipalName":"DOMAIN ADMINS@DOLLARCORP.MONEYCORP.LOCAL","PrincipalType":"group","RightName":"Owner","AceType":""},{"PrincipalName":"DOMAIN ADMINS@DOLLARCORP.MONEYCORP.LOCAL","PrincipalType":"group","RightName":"GenericAll","AceType":""},{"PrincipalName":"ACCOUNT OPERATORS@DOLLARCORP.MONEYCORP.LOCAL","PrincipalType":"group","RightName":"GenericAll","AceType":""},{"PrincipalName":"ADMINISTRATORS@DOLLARCORP.MONEYCORP.LOCAL","PrincipalType":"group","RightName":"GenericWrite","AceType":""},{"PrincipalName":"ADMINISTRATORS@DOLLARCORP.MONEYCORP.LOCAL","PrincipalType":"group","RightName":"WriteOwner","AceType":""},{"PrincipalName":"ADMINISTRATORS@DOLLARCORP.MONEYCORP.LOCAL","PrincipalType":"group","RightName":"WriteDacl","AceType":""}],"AllowedToDelegate":[]},{"Properties":{"domain":"DOLLARCORP.MONEYCORP.LOCAL","objectsid":"S-1-5-21-1874506631-3219952063-538504511-34168","highvalue":false,"enabled":true,"lastlogon":1581073536,"pwdlastset":1583066521,"serviceprincipalnames":[],"hasspn":false,"displayname":"student136","email":null,"title":null,"homedirectory":null,"description":null,"userpassword":null,"sensitive":false,"dontreqpreauth":false,"admincount":false},"Name":"STUDENT136@DOLLARCORP.MONEYCORP.LOCAL","PrimaryGroup":"DOMAIN USERS@DOLLARCORP.MONEYCORP.LOCAL","Aces":[{"PrincipalName":"DOMAIN ADMINS@DOLLARCORP.MONEYCORP.LOCAL","PrincipalType":"group","RightName":"Owner","AceType":""},{"PrincipalName":"DOMAIN ADMINS@DOLLARCORP.MONEYCORP.LOCAL","PrincipalType":"group","RightName":"GenericAll","AceType":""},{"PrincipalName":"ACCOUNT OPERATORS@DOLLARCORP.MONEYCORP.LOCAL","PrincipalType":"group","RightName":"GenericAll","AceType":""},{"PrincipalName":"ADMINISTRATORS@DOLLARCORP.MONEYCORP.LOCAL","PrincipalType":"group","RightName":"GenericWrite","AceType":""},{"PrincipalName":"ADMINISTRATORS@DOLLARCORP.MONEYCORP.LOCAL","PrincipalType":"group","RightName":"WriteOwner","AceType":""},{"PrincipalName":"ADMINISTRATORS@DOLLARCORP.MONEYCORP.LOCAL","PrincipalType":"group","RightName":"WriteDacl","AceType":""}],"AllowedToDelegate":[]},{"Properties":{"domain":"DOLLARCORP.MONEYCORP.LOCAL","objectsid":"S-1-5-21-1874506631-3219952063-538504511-34167","highvalue":false,"enabled":true,"lastlogon":1581073479,"pwdlastset":1586606828,"serviceprincipalnames":[],"hasspn":false,"displayname":"student135","email":null,"title":null,"homedirectory":null,"description":null,"userpassword":null,"sensitive":false,"dontreqpreauth":false,"admincount":false},"Name":"STUDENT135@DOLLARCORP.MONEYCORP.LOCAL","PrimaryGroup":"DOMAIN USERS@DOLLARCORP.MONEYCORP.LOCAL","Aces":[{"PrincipalName":"DOMAIN ADMINS@DOLLARCORP.MONEYCORP.LOCAL","PrincipalType":"group","RightName":"Owner","AceType":""},{"PrincipalName":"DOMAIN ADMINS@DOLLARCORP.MONEYCORP.LOCAL","PrincipalType":"group","RightName":"GenericAll","AceType":""},{"PrincipalName":"ACCOUNT OPERATORS@DOLLARCORP.MONEYCORP.LOCAL","PrincipalType":"group","RightName":"GenericAll","AceType":""},{"PrincipalName":"ADMINISTRATORS@DOLLARCORP.MONEYCORP.LOCAL","PrincipalType":"group","RightName":"GenericWrite","AceType":""},{"PrincipalName":"ADMINISTRATORS@DOLLARCORP.MONEYCORP.LOCAL","PrincipalType":"group","RightName":"WriteOwner","AceType":""},{"PrincipalName":"ADMINISTRATORS@DOLLARCORP.MONEYCORP.LOCAL","PrincipalType":"group","RightName":"WriteDacl","AceType":""}],"AllowedToDelegate":[]},{"Properties":{"domain":"DOLLARCORP.MONEYCORP.LOCAL","objectsid":"S-1-5-21-1874506631-3219952063-538504511-34170","highvalue":false,"enabled":true,"lastlogon":1581073642,"pwdlastset":1585042075,"serviceprincipalnames":[],"hasspn":false,"displayname":"student138","email":null,"title":null,"homedirectory":null,"description":null,"userpassword":null,"sensitive":false,"dontreqpreauth":false,"admincount":false},"Name":"STUDENT138@DOLLARCORP.MONEYCORP.LOCAL","PrimaryGroup":"DOMAIN USERS@DOLLARCORP.MONEYCORP.LOCAL","Aces":[{"PrincipalName":"DOMAIN ADMINS@DOLLARCORP.MONEYCORP.LOCAL","PrincipalType":"group","RightName":"Owner","AceType":""},{"PrincipalName":"DOMAIN ADMINS@DOLLARCORP.MONEYCORP.LOCAL","PrincipalType":"group","RightName":"GenericAll","AceType":""},{"PrincipalName":"ACCOUNT OPERATORS@DOLLARCORP.MONEYCORP.LOCAL","PrincipalType":"group","RightName":"GenericAll","AceType":""},{"PrincipalName":"ADMINISTRATORS@DOLLARCORP.MONEYCORP.LOCAL","PrincipalType":"group","RightName":"GenericWrite","AceType":""},{"PrincipalName":"ADMINISTRATORS@DOLLARCORP.MONEYCORP.LOCAL","PrincipalType":"group","RightName":"WriteOwner","AceType":""},{"PrincipalName":"ADMINISTRATORS@DOLLARCORP.MONEYCORP.LOCAL","PrincipalType":"group","RightName":"WriteDacl","AceType":""}],"AllowedToDelegate":[]},{"Properties":{"domain":"DOLLARCORP.MONEYCORP.LOCAL","objectsid":"S-1-5-21-1874506631-3219952063-538504511-34173","highvalue":false,"enabled":true,"lastlogon":1581073822,"pwdlastset":1586606843,"serviceprincipalnames":[],"hasspn":false,"displayname":"student141","email":null,"title":null,"homedirectory":null,"description":null,"userpassword":null,"sensitive":false,"dontreqpreauth":false,"admincount":false},"Name":"STUDENT141@DOLLARCORP.MONEYCORP.LOCAL","PrimaryGroup":"DOMAIN USERS@DOLLARCORP.MONEYCORP.LOCAL","Aces":[{"PrincipalName":"DOMAIN ADMINS@DOLLARCORP.MONEYCORP.LOCAL","PrincipalType":"group","RightName":"Owner","AceType":""},{"PrincipalName":"DOMAIN ADMINS@DOLLARCORP.MONEYCORP.LOCAL","PrincipalType":"group","RightName":"GenericAll","AceType":""},{"PrincipalName":"ACCOUNT OPERATORS@DOLLARCORP.MONEYCORP.LOCAL","PrincipalType":"group","RightName":"GenericAll","AceType":""},{"PrincipalName":"ADMINISTRATORS@DOLLARCORP.MONEYCORP.LOCAL","PrincipalType":"group","RightName":"GenericWrite","AceType":""},{"PrincipalName":"ADMINISTRATORS@DOLLARCORP.MONEYCORP.LOCAL","PrincipalType":"group","RightName":"WriteOwner","AceType":""},{"PrincipalName":"ADMINISTRATORS@DOLLARCORP.MONEYCORP.LOCAL","PrincipalType":"group","RightName":"WriteDacl","AceType":""}],"AllowedToDelegate":[]},{"Properties":{"domain":"DOLLARCORP.MONEYCORP.LOCAL","objectsid":"S-1-5-21-1874506631-3219952063-538504511-34171","highvalue":false,"enabled":true,"lastlogon":1581073701,"pwdlastset":1588325176,"serviceprincipalnames":[],"hasspn":false,"displayname":"student139","email":null,"title":null,"homedirectory":null,"description":null,"userpassword":null,"sensitive":false,"dontreqpreauth":false,"admincount":false},"Name":"STUDENT139@DOLLARCORP.MONEYCORP.LOCAL","PrimaryGroup":"DOMAIN USERS@DOLLARCORP.MONEYCORP.LOCAL","Aces":[{"PrincipalName":"DOMAIN ADMINS@DOLLARCORP.MONEYCORP.LOCAL","PrincipalType":"group","RightName":"Owner","AceType":""},{"PrincipalName":"DOMAIN ADMINS@DOLLARCORP.MONEYCORP.LOCAL","PrincipalType":"group","RightName":"GenericAll","AceType":""},{"PrincipalName":"ACCOUNT OPERATORS@DOLLARCORP.MONEYCORP.LOCAL","PrincipalType":"group","RightName":"GenericAll","AceType":""},{"PrincipalName":"ADMINISTRATORS@DOLLARCORP.MONEYCORP.LOCAL","PrincipalType":"group","RightName":"GenericWrite","AceType":""},{"PrincipalName":"ADMINISTRATORS@DOLLARCORP.MONEYCORP.LOCAL","PrincipalType":"group","RightName":"WriteOwner","AceType":""},{"PrincipalName":"ADMINISTRATORS@DOLLARCORP.MONEYCORP.LOCAL","PrincipalType":"group","RightName":"WriteDacl","AceType":""}],"AllowedToDelegate":[]},{"Properties":{"domain":"DOLLARCORP.MONEYCORP.LOCAL","objectsid":"S-1-5-21-1874506631-3219952063-538504511-34172","highvalue":false,"enabled":true,"lastlogon":1581073770,"pwdlastset":1585042099,"serviceprincipalnames":[],"hasspn":false,"displayname":"student140","email":null,"title":null,"homedirectory":null,"description":null,"userpassword":null,"sensitive":false,"dontreqpreauth":false,"admincount":false},"Name":"STUDENT140@DOLLARCORP.MONEYCORP.LOCAL","PrimaryGroup":"DOMAIN USERS@DOLLARCORP.MONEYCORP.LOCAL","Aces":[{"PrincipalName":"DOMAIN ADMINS@DOLLARCORP.MONEYCORP.LOCAL","PrincipalType":"group","RightName":"Owner","AceType":""},{"PrincipalName":"DOMAIN ADMINS@DOLLARCORP.MONEYCORP.LOCAL","PrincipalType":"group","RightName":"GenericAll","AceType":""},{"PrincipalName":"ACCOUNT OPERATORS@DOLLARCORP.MONEYCORP.LOCAL","PrincipalType":"group","RightName":"GenericAll","AceType":""},{"PrincipalName":"ADMINISTRATORS@DOLLARCORP.MONEYCORP.LOCAL","PrincipalType":"group","RightName":"GenericWrite","AceType":""},{"PrincipalName":"ADMINISTRATORS@DOLLARCORP.MONEYCORP.LOCAL","PrincipalType":"group","RightName":"WriteOwner","AceType":""},{"PrincipalName":"ADMINISTRATORS@DOLLARCORP.MONEYCORP.LOCAL","PrincipalType":"group","RightName":"WriteDacl","AceType":""}],"AllowedToDelegate":[]},{"Properties":{"domain":"DOLLARCORP.MONEYCORP.LOCAL","objectsid":"S-1-5-21-1874506631-3219952063-538504511-34601","highvalue":false,"enabled":true,"lastlogon":0,"pwdlastset":1581072079,"serviceprincipalnames":[],"hasspn":false,"displayname":"Control131User","email":null,"title":null,"homedirectory":null,"description":null,"userpassword":null,"sensitive":false,"dontreqpreauth":false,"admincount":false},"Name":"CONTROL131USER@DOLLARCORP.MONEYCORP.LOCAL","PrimaryGroup":"DOMAIN USERS@DOLLARCORP.MONEYCORP.LOCAL","Aces":[{"PrincipalName":"DOMAIN ADMINS@DOLLARCORP.MONEYCORP.LOCAL","PrincipalType":"group","RightName":"Owner","AceType":""},{"PrincipalName":"DOMAIN ADMINS@DOLLARCORP.MONEYCORP.LOCAL","PrincipalType":"group","RightName":"GenericAll","AceType":""},{"PrincipalName":"RDPUSERS@DOLLARCORP.MONEYCORP.LOCAL","PrincipalType":"group","RightName":"GenericAll","AceType":""},{"PrincipalName":"ACCOUNT OPERATORS@DOLLARCORP.MONEYCORP.LOCAL","PrincipalType":"group","RightName":"GenericAll","AceType":""},{"PrincipalName":"ADMINISTRATORS@DOLLARCORP.MONEYCORP.LOCAL","PrincipalType":"group","RightName":"GenericWrite","AceType":""},{"PrincipalName":"ADMINISTRATORS@DOLLARCORP.MONEYCORP.LOCAL","PrincipalType":"group","RightName":"WriteOwner","AceType":""},{"PrincipalName":"ADMINISTRATORS@DOLLARCORP.MONEYCORP.LOCAL","PrincipalType":"group","RightName":"WriteDacl","AceType":""}],"AllowedToDelegate":[]},{"Properties":{"domain":"DOLLARCORP.MONEYCORP.LOCAL","objectsid":"S-1-5-21-1874506631-3219952063-538504511-34174","highvalue":false,"enabled":true,"lastlogon":1581076307,"pwdlastset":1587018016,"serviceprincipalnames":[],"hasspn":false,"displayname":"student142","email":null,"title":null,"homedirectory":null,"description":null,"userpassword":null,"sensitive":false,"dontreqpreauth":false,"admincount":false},"Name":"STUDENT142@DOLLARCORP.MONEYCORP.LOCAL","PrimaryGroup":"DOMAIN USERS@DOLLARCORP.MONEYCORP.LOCAL","Aces":[{"PrincipalName":"DOMAIN ADMINS@DOLLARCORP.MONEYCORP.LOCAL","PrincipalType":"group","RightName":"Owner","AceType":""},{"PrincipalName":"DOMAIN ADMINS@DOLLARCORP.MONEYCORP.LOCAL","PrincipalType":"group","RightName":"GenericAll","AceType":""},{"PrincipalName":"ACCOUNT OPERATORS@DOLLARCORP.MONEYCORP.LOCAL","PrincipalType":"group","RightName":"GenericAll","AceType":""},{"PrincipalName":"ADMINISTRATORS@DOLLARCORP.MONEYCORP.LOCAL","PrincipalType":"group","RightName":"GenericWrite","AceType":""},{"PrincipalName":"ADMINISTRATORS@DOLLARCORP.MONEYCORP.LOCAL","PrincipalType":"group","RightName":"WriteOwner","AceType":""},{"PrincipalName":"ADMINISTRATORS@DOLLARCORP.MONEYCORP.LOCAL","PrincipalType":"group","RightName":"WriteDacl","AceType":""}],"AllowedToDelegate":[]},{"Properties":{"domain":"DOLLARCORP.MONEYCORP.LOCAL","objectsid":"S-1-5-21-1874506631-3219952063-538504511-34602","highvalue":false,"enabled":true,"lastlogon":0,"pwdlastset":1581072080,"serviceprincipalnames":[],"hasspn":false,"displayname":"Control132User","email":null,"title":null,"homedirectory":null,"description":null,"userpassword":null,"sensitive":false,"dontreqpreauth":false,"admincount":false},"Name":"CONTROL132USER@DOLLARCORP.MONEYCORP.LOCAL","PrimaryGroup":"DOMAIN USERS@DOLLARCORP.MONEYCORP.LOCAL","Aces":[{"PrincipalName":"DOMAIN ADMINS@DOLLARCORP.MONEYCORP.LOCAL","PrincipalType":"group","RightName":"Owner","AceType":""},{"PrincipalName":"DOMAIN ADMINS@DOLLARCORP.MONEYCORP.LOCAL","PrincipalType":"group","RightName":"GenericAll","AceType":""},{"PrincipalName":"RDPUSERS@DOLLARCORP.MONEYCORP.LOCAL","PrincipalType":"group","RightName":"GenericAll","AceType":""},{"PrincipalName":"ACCOUNT OPERATORS@DOLLARCORP.MONEYCORP.LOCAL","PrincipalType":"group","RightName":"GenericAll","AceType":""},{"PrincipalName":"ADMINISTRATORS@DOLLARCORP.MONEYCORP.LOCAL","PrincipalType":"group","RightName":"GenericWrite","AceType":""},{"PrincipalName":"ADMINISTRATORS@DOLLARCORP.MONEYCORP.LOCAL","PrincipalType":"group","RightName":"WriteOwner","AceType":""},{"PrincipalName":"ADMINISTRATORS@DOLLARCORP.MONEYCORP.LOCAL","PrincipalType":"group","RightName":"WriteDacl","AceType":""}],"AllowedToDelegate":[]},{"Properties":{"domain":"DOLLARCORP.MONEYCORP.LOCAL","objectsid":"S-1-5-21-1874506631-3219952063-538504511-34604","highvalue":false,"enabled":true,"lastlogon":0,"pwdlastset":1581072080,"serviceprincipalnames":[],"hasspn":false,"displayname":"Control134User","email":null,"title":null,"homedirectory":null,"description":null,"userpassword":null,"sensitive":false,"dontreqpreauth":false,"admincount":false},"Name":"CONTROL134USER@DOLLARCORP.MONEYCORP.LOCAL","PrimaryGroup":"DOMAIN USERS@DOLLARCORP.MONEYCORP.LOCAL","Aces":[{"PrincipalName":"DOMAIN ADMINS@DOLLARCORP.MONEYCORP.LOCAL","PrincipalType":"group","RightName":"Owner","AceType":""},{"PrincipalName":"DOMAIN ADMINS@DOLLARCORP.MONEYCORP.LOCAL","PrincipalType":"group","RightName":"GenericAll","AceType":""},{"PrincipalName":"RDPUSERS@DOLLARCORP.MONEYCORP.LOCAL","PrincipalType":"group","RightName":"GenericAll","AceType":""},{"PrincipalName":"ACCOUNT OPERATORS@DOLLARCORP.MONEYCORP.LOCAL","PrincipalType":"group","RightName":"GenericAll","AceType":""},{"PrincipalName":"ADMINISTRATORS@DOLLARCORP.MONEYCORP.LOCAL","PrincipalType":"group","RightName":"GenericWrite","AceType":""},{"PrincipalName":"ADMINISTRATORS@DOLLARCORP.MONEYCORP.LOCAL","PrincipalType":"group","RightName":"WriteOwner","AceType":""},{"PrincipalName":"ADMINISTRATORS@DOLLARCORP.MONEYCORP.LOCAL","PrincipalType":"group","RightName":"WriteDacl","AceType":""}],"AllowedToDelegate":[]},{"Properties":{"domain":"DOLLARCORP.MONEYCORP.LOCAL","objectsid":"S-1-5-21-1874506631-3219952063-538504511-34606","highvalue":false,"enabled":true,"lastlogon":0,"pwdlastset":1581072081,"serviceprincipalnames":[],"hasspn":false,"displayname":"Control136User","email":null,"title":null,"homedirectory":null,"description":null,"userpassword":null,"sensitive":false,"dontreqpreauth":false,"admincount":false},"Name":"CONTROL136USER@DOLLARCORP.MONEYCORP.LOCAL","PrimaryGroup":"DOMAIN USERS@DOLLARCORP.MONEYCORP.LOCAL","Aces":[{"PrincipalName":"DOMAIN ADMINS@DOLLARCORP.MONEYCORP.LOCAL","PrincipalType":"group","RightName":"Owner","AceType":""},{"PrincipalName":"DOMAIN ADMINS@DOLLARCORP.MONEYCORP.LOCAL","PrincipalType":"group","RightName":"GenericAll","AceType":""},{"PrincipalName":"RDPUSERS@DOLLARCORP.MONEYCORP.LOCAL","PrincipalType":"group","RightName":"GenericAll","AceType":""},{"PrincipalName":"ACCOUNT OPERATORS@DOLLARCORP.MONEYCORP.LOCAL","PrincipalType":"group","RightName":"GenericAll","AceType":""},{"PrincipalName":"ADMINISTRATORS@DOLLARCORP.MONEYCORP.LOCAL","PrincipalType":"group","RightName":"GenericWrite","AceType":""},{"PrincipalName":"ADMINISTRATORS@DOLLARCORP.MONEYCORP.LOCAL","PrincipalType":"group","RightName":"WriteOwner","AceType":""},{"PrincipalName":"ADMINISTRATORS@DOLLARCORP.MONEYCORP.LOCAL","PrincipalType":"group","RightName":"WriteDacl","AceType":""}],"AllowedToDelegate":[]},{"Properties":{"domain":"DOLLARCORP.MONEYCORP.LOCAL","objectsid":"S-1-5-21-1874506631-3219952063-538504511-34605","highvalue":false,"enabled":true,"lastlogon":0,"pwdlastset":1581072080,"serviceprincipalnames":[],"hasspn":false,"displayname":"Control135User","email":null,"title":null,"homedirectory":null,"description":null,"userpassword":null,"sensitive":false,"dontreqpreauth":false,"admincount":false},"Name":"CONTROL135USER@DOLLARCORP.MONEYCORP.LOCAL","PrimaryGroup":"DOMAIN USERS@DOLLARCORP.MONEYCORP.LOCAL","Aces":[{"PrincipalName":"DOMAIN ADMINS@DOLLARCORP.MONEYCORP.LOCAL","PrincipalType":"group","RightName":"Owner","AceType":""},{"PrincipalName":"DOMAIN ADMINS@DOLLARCORP.MONEYCORP.LOCAL","PrincipalType":"group","RightName":"GenericAll","AceType":""},{"PrincipalName":"RDPUSERS@DOLLARCORP.MONEYCORP.LOCAL","PrincipalType":"group","RightName":"GenericAll","AceType":""},{"PrincipalName":"ACCOUNT OPERATORS@DOLLARCORP.MONEYCORP.LOCAL","PrincipalType":"group","RightName":"GenericAll","AceType":""},{"PrincipalName":"ADMINISTRATORS@DOLLARCORP.MONEYCORP.LOCAL","PrincipalType":"group","RightName":"GenericWrite","AceType":""},{"PrincipalName":"ADMINISTRATORS@DOLLARCORP.MONEYCORP.LOCAL","PrincipalType":"group","RightName":"WriteOwner","AceType":""},{"PrincipalName":"ADMINISTRATORS@DOLLARCORP.MONEYCORP.LOCAL","PrincipalType":"group","RightName":"WriteDacl","AceType":""}],"AllowedToDelegate":[]},{"Properties":{"domain":"DOLLARCORP.MONEYCORP.LOCAL","objectsid":"S-1-5-21-1874506631-3219952063-538504511-34603","highvalue":false,"enabled":true,"lastlogon":0,"pwdlastset":1581072080,"serviceprincipalnames":[],"hasspn":false,"displayname":"Control133User","email":null,"title":null,"homedirectory":null,"description":null,"userpassword":null,"sensitive":false,"dontreqpreauth":false,"admincount":false},"Name":"CONTROL133USER@DOLLARCORP.MONEYCORP.LOCAL","PrimaryGroup":"DOMAIN USERS@DOLLARCORP.MONEYCORP.LOCAL","Aces":[{"PrincipalName":"DOMAIN ADMINS@DOLLARCORP.MONEYCORP.LOCAL","PrincipalType":"group","RightName":"Owner","AceType":""},{"PrincipalName":"DOMAIN ADMINS@DOLLARCORP.MONEYCORP.LOCAL","PrincipalType":"group","RightName":"GenericAll","AceType":""},{"PrincipalName":"RDPUSERS@DOLLARCORP.MONEYCORP.LOCAL","PrincipalType":"group","RightName":"GenericAll","AceType":""},{"PrincipalName":"ACCOUNT OPERATORS@DOLLARCORP.MONEYCORP.LOCAL","PrincipalType":"group","RightName":"GenericAll","AceType":""},{"PrincipalName":"ADMINISTRATORS@DOLLARCORP.MONEYCORP.LOCAL","PrincipalType":"group","RightName":"GenericWrite","AceType":""},{"PrincipalName":"ADMINISTRATORS@DOLLARCORP.MONEYCORP.LOCAL","PrincipalType":"group","RightName":"WriteOwner","AceType":""},{"PrincipalName":"ADMINISTRATORS@DOLLARCORP.MONEYCORP.LOCAL","PrincipalType":"group","RightName":"WriteDacl","AceType":""}],"AllowedToDelegate":[]},{"Properties":{"domain":"DOLLARCORP.MONEYCORP.LOCAL","objectsid":"S-1-5-21-1874506631-3219952063-538504511-34608","highvalue":false,"enabled":true,"lastlogon":0,"pwdlastset":1581072081,"serviceprincipalnames":[],"hasspn":false,"displayname":"Control138User","email":null,"title":null,"homedirectory":null,"description":null,"userpassword":null,"sensitive":false,"dontreqpreauth":false,"admincount":false},"Name":"CONTROL138USER@DOLLARCORP.MONEYCORP.LOCAL","PrimaryGroup":"DOMAIN USERS@DOLLARCORP.MONEYCORP.LOCAL","Aces":[{"PrincipalName":"DOMAIN ADMINS@DOLLARCORP.MONEYCORP.LOCAL","PrincipalType":"group","RightName":"Owner","AceType":""},{"PrincipalName":"DOMAIN ADMINS@DOLLARCORP.MONEYCORP.LOCAL","PrincipalType":"group","RightName":"GenericAll","AceType":""},{"PrincipalName":"RDPUSERS@DOLLARCORP.MONEYCORP.LOCAL","PrincipalType":"group","RightName":"GenericAll","AceType":""},{"PrincipalName":"ACCOUNT OPERATORS@DOLLARCORP.MONEYCORP.LOCAL","PrincipalType":"group","RightName":"GenericAll","AceType":""},{"PrincipalName":"ADMINISTRATORS@DOLLARCORP.MONEYCORP.LOCAL","PrincipalType":"group","RightName":"GenericWrite","AceType":""},{"PrincipalName":"ADMINISTRATORS@DOLLARCORP.MONEYCORP.LOCAL","PrincipalType":"group","RightName":"WriteOwner","AceType":""},{"PrincipalName":"ADMINISTRATORS@DOLLARCORP.MONEYCORP.LOCAL","PrincipalType":"group","RightName":"WriteDacl","AceType":""}],"AllowedToDelegate":[]},{"Properties":{"domain":"DOLLARCORP.MONEYCORP.LOCAL","objectsid":"S-1-5-21-1874506631-3219952063-538504511-34607","highvalue":false,"enabled":true,"lastlogon":0,"pwdlastset":1581072081,"serviceprincipalnames":[],"hasspn":false,"displayname":"Control137User","email":null,"title":null,"homedirectory":null,"description":null,"userpassword":null,"sensitive":false,"dontreqpreauth":false,"admincount":false},"Name":"CONTROL137USER@DOLLARCORP.MONEYCORP.LOCAL","PrimaryGroup":"DOMAIN USERS@DOLLARCORP.MONEYCORP.LOCAL","Aces":[{"PrincipalName":"DOMAIN ADMINS@DOLLARCORP.MONEYCORP.LOCAL","PrincipalType":"group","RightName":"Owner","AceType":""},{"PrincipalName":"DOMAIN ADMINS@DOLLARCORP.MONEYCORP.LOCAL","PrincipalType":"group","RightName":"GenericAll","AceType":""},{"PrincipalName":"RDPUSERS@DOLLARCORP.MONEYCORP.LOCAL","PrincipalType":"group","RightName":"GenericAll","AceType":""},{"PrincipalName":"ACCOUNT OPERATORS@DOLLARCORP.MONEYCORP.LOCAL","PrincipalType":"group","RightName":"GenericAll","AceType":""},{"PrincipalName":"ADMINISTRATORS@DOLLARCORP.MONEYCORP.LOCAL","PrincipalType":"group","RightName":"GenericWrite","AceType":""},{"PrincipalName":"ADMINISTRATORS@DOLLARCORP.MONEYCORP.LOCAL","PrincipalType":"group","RightName":"WriteOwner","AceType":""},{"PrincipalName":"ADMINISTRATORS@DOLLARCORP.MONEYCORP.LOCAL","PrincipalType":"group","RightName":"WriteDacl","AceType":""}],"AllowedToDelegate":[]},{"Properties":{"domain":"DOLLARCORP.MONEYCORP.LOCAL","objectsid":"S-1-5-21-1874506631-3219952063-538504511-34609","highvalue":false,"enabled":true,"lastlogon":0,"pwdlastset":1581072081,"serviceprincipalnames":[],"hasspn":false,"displayname":"Control139User","email":null,"title":null,"homedirectory":null,"description":null,"userpassword":null,"sensitive":false,"dontreqpreauth":false,"admincount":false},"Name":"CONTROL139USER@DOLLARCORP.MONEYCORP.LOCAL","PrimaryGroup":"DOMAIN USERS@DOLLARCORP.MONEYCORP.LOCAL","Aces":[{"PrincipalName":"DOMAIN ADMINS@DOLLARCORP.MONEYCORP.LOCAL","PrincipalType":"group","RightName":"Owner","AceType":""},{"PrincipalName":"DOMAIN ADMINS@DOLLARCORP.MONEYCORP.LOCAL","PrincipalType":"group","RightName":"GenericAll","AceType":""},{"PrincipalName":"RDPUSERS@DOLLARCORP.MONEYCORP.LOCAL","PrincipalType":"group","RightName":"GenericAll","AceType":""},{"PrincipalName":"ACCOUNT OPERATORS@DOLLARCORP.MONEYCORP.LOCAL","PrincipalType":"group","RightName":"GenericAll","AceType":""},{"PrincipalName":"ADMINISTRATORS@DOLLARCORP.MONEYCORP.LOCAL","PrincipalType":"group","RightName":"GenericWrite","AceType":""},{"PrincipalName":"ADMINISTRATORS@DOLLARCORP.MONEYCORP.LOCAL","PrincipalType":"group","RightName":"WriteOwner","AceType":""},{"PrincipalName":"ADMINISTRATORS@DOLLARCORP.MONEYCORP.LOCAL","PrincipalType":"group","RightName":"WriteDacl","AceType":""}],"AllowedToDelegate":[]},{"Properties":{"domain":"DOLLARCORP.MONEYCORP.LOCAL","objectsid":"S-1-5-21-1874506631-3219952063-538504511-34610","highvalue":false,"enabled":true,"lastlogon":0,"pwdlastset":1581072082,"serviceprincipalnames":[],"hasspn":false,"displayname":"Control140User","email":null,"title":null,"homedirectory":null,"description":null,"userpassword":null,"sensitive":false,"dontreqpreauth":false,"admincount":false},"Name":"CONTROL140USER@DOLLARCORP.MONEYCORP.LOCAL","PrimaryGroup":"DOMAIN USERS@DOLLARCORP.MONEYCORP.LOCAL","Aces":[{"PrincipalName":"DOMAIN ADMINS@DOLLARCORP.MONEYCORP.LOCAL","PrincipalType":"group","RightName":"Owner","AceType":""},{"PrincipalName":"DOMAIN ADMINS@DOLLARCORP.MONEYCORP.LOCAL","PrincipalType":"group","RightName":"GenericAll","AceType":""},{"PrincipalName":"RDPUSERS@DOLLARCORP.MONEYCORP.LOCAL","PrincipalType":"group","RightName":"GenericAll","AceType":""},{"PrincipalName":"ACCOUNT OPERATORS@DOLLARCORP.MONEYCORP.LOCAL","PrincipalType":"group","RightName":"GenericAll","AceType":""},{"PrincipalName":"ADMINISTRATORS@DOLLARCORP.MONEYCORP.LOCAL","PrincipalType":"group","RightName":"GenericWrite","AceType":""},{"PrincipalName":"ADMINISTRATORS@DOLLARCORP.MONEYCORP.LOCAL","PrincipalType":"group","RightName":"WriteOwner","AceType":""},{"PrincipalName":"ADMINISTRATORS@DOLLARCORP.MONEYCORP.LOCAL","PrincipalType":"group","RightName":"WriteDacl","AceType":""}],"AllowedToDelegate":[]},{"Properties":{"domain":"DOLLARCORP.MONEYCORP.LOCAL","objectsid":"S-1-5-21-1874506631-3219952063-538504511-34611","highvalue":false,"enabled":true,"lastlogon":0,"pwdlastset":1581072082,"serviceprincipalnames":[],"hasspn":false,"displayname":"Control141User","email":null,"title":null,"homedirectory":null,"description":null,"userpassword":null,"sensitive":false,"dontreqpreauth":false,"admincount":false},"Name":"CONTROL141USER@DOLLARCORP.MONEYCORP.LOCAL","PrimaryGroup":"DOMAIN USERS@DOLLARCORP.MONEYCORP.LOCAL","Aces":[{"PrincipalName":"DOMAIN ADMINS@DOLLARCORP.MONEYCORP.LOCAL","PrincipalType":"group","RightName":"Owner","AceType":""},{"PrincipalName":"DOMAIN ADMINS@DOLLARCORP.MONEYCORP.LOCAL","PrincipalType":"group","RightName":"GenericAll","AceType":""},{"PrincipalName":"RDPUSERS@DOLLARCORP.MONEYCORP.LOCAL","PrincipalType":"group","RightName":"GenericAll","AceType":""},{"PrincipalName":"ACCOUNT OPERATORS@DOLLARCORP.MONEYCORP.LOCAL","PrincipalType":"group","RightName":"GenericAll","AceType":""},{"PrincipalName":"ADMINISTRATORS@DOLLARCORP.MONEYCORP.LOCAL","PrincipalType":"group","RightName":"GenericWrite","AceType":""},{"PrincipalName":"ADMINISTRATORS@DOLLARCORP.MONEYCORP.LOCAL","PrincipalType":"group","RightName":"WriteOwner","AceType":""},{"PrincipalName":"ADMINISTRATORS@DOLLARCORP.MONEYCORP.LOCAL","PrincipalType":"group","RightName":"WriteDacl","AceType":""}],"AllowedToDelegate":[]},{"Properties":{"domain":"DOLLARCORP.MONEYCORP.LOCAL","objectsid":"S-1-5-21-1874506631-3219952063-538504511-34613","highvalue":false,"enabled":true,"lastlogon":0,"pwdlastset":1581072137,"serviceprincipalnames":[],"hasspn":false,"displayname":"Support131User","email":null,"title":null,"homedirectory":null,"description":null,"userpassword":null,"sensitive":false,"dontreqpreauth":false,"admincount":false},"Name":"SUPPORT131USER@DOLLARCORP.MONEYCORP.LOCAL","PrimaryGroup":"DOMAIN USERS@DOLLARCORP.MONEYCORP.LOCAL","Aces":[{"PrincipalName":"DOMAIN ADMINS@DOLLARCORP.MONEYCORP.LOCAL","PrincipalType":"group","RightName":"Owner","AceType":""},{"PrincipalName":"DOMAIN ADMINS@DOLLARCORP.MONEYCORP.LOCAL","PrincipalType":"group","RightName":"GenericAll","AceType":""},{"PrincipalName":"RDPUSERS@DOLLARCORP.MONEYCORP.LOCAL","PrincipalType":"group","RightName":"GenericAll","AceType":""},{"PrincipalName":"ACCOUNT OPERATORS@DOLLARCORP.MONEYCORP.LOCAL","PrincipalType":"group","RightName":"GenericAll","AceType":""},{"PrincipalName":"ADMINISTRATORS@DOLLARCORP.MONEYCORP.LOCAL","PrincipalType":"group","RightName":"GenericWrite","AceType":""},{"PrincipalName":"ADMINISTRATORS@DOLLARCORP.MONEYCORP.LOCAL","PrincipalType":"group","RightName":"WriteOwner","AceType":""},{"PrincipalName":"ADMINISTRATORS@DOLLARCORP.MONEYCORP.LOCAL","PrincipalType":"group","RightName":"WriteDacl","AceType":""}],"AllowedToDelegate":[]},{"Properties":{"domain":"DOLLARCORP.MONEYCORP.LOCAL","objectsid":"S-1-5-21-1874506631-3219952063-538504511-34612","highvalue":false,"enabled":true,"lastlogon":0,"pwdlastset":1581072082,"serviceprincipalnames":[],"hasspn":false,"displayname":"Control142User","email":null,"title":null,"homedirectory":null,"description":null,"userpassword":null,"sensitive":false,"dontreqpreauth":false,"admincount":false},"Name":"CONTROL142USER@DOLLARCORP.MONEYCORP.LOCAL","PrimaryGroup":"DOMAIN USERS@DOLLARCORP.MONEYCORP.LOCAL","Aces":[{"PrincipalName":"DOMAIN ADMINS@DOLLARCORP.MONEYCORP.LOCAL","PrincipalType":"group","RightName":"Owner","AceType":""},{"PrincipalName":"DOMAIN ADMINS@DOLLARCORP.MONEYCORP.LOCAL","PrincipalType":"group","RightName":"GenericAll","AceType":""},{"PrincipalName":"RDPUSERS@DOLLARCORP.MONEYCORP.LOCAL","PrincipalType":"group","RightName":"GenericAll","AceType":""},{"PrincipalName":"ACCOUNT OPERATORS@DOLLARCORP.MONEYCORP.LOCAL","PrincipalType":"group","RightName":"GenericAll","AceType":""},{"PrincipalName":"ADMINISTRATORS@DOLLARCORP.MONEYCORP.LOCAL","PrincipalType":"group","RightName":"GenericWrite","AceType":""},{"PrincipalName":"ADMINISTRATORS@DOLLARCORP.MONEYCORP.LOCAL","PrincipalType":"group","RightName":"WriteOwner","AceType":""},{"PrincipalName":"ADMINISTRATORS@DOLLARCORP.MONEYCORP.LOCAL","PrincipalType":"group","RightName":"WriteDacl","AceType":""}],"AllowedToDelegate":[]},{"Properties":{"domain":"DOLLARCORP.MONEYCORP.LOCAL","objectsid":"S-1-5-21-1874506631-3219952063-538504511-34615","highvalue":false,"enabled":true,"lastlogon":0,"pwdlastset":1581072137,"serviceprincipalnames":[],"hasspn":false,"displayname":"Support133User","email":null,"title":null,"homedirectory":null,"description":null,"userpassword":null,"sensitive":false,"dontreqpreauth":false,"admincount":false},"Name":"SUPPORT133USER@DOLLARCORP.MONEYCORP.LOCAL","PrimaryGroup":"DOMAIN USERS@DOLLARCORP.MONEYCORP.LOCAL","Aces":[{"PrincipalName":"DOMAIN ADMINS@DOLLARCORP.MONEYCORP.LOCAL","PrincipalType":"group","RightName":"Owner","AceType":""},{"PrincipalName":"DOMAIN ADMINS@DOLLARCORP.MONEYCORP.LOCAL","PrincipalType":"group","RightName":"GenericAll","AceType":""},{"PrincipalName":"RDPUSERS@DOLLARCORP.MONEYCORP.LOCAL","PrincipalType":"group","RightName":"GenericAll","AceType":""},{"PrincipalName":"ACCOUNT OPERATORS@DOLLARCORP.MONEYCORP.LOCAL","PrincipalType":"group","RightName":"GenericAll","AceType":""},{"PrincipalName":"ADMINISTRATORS@DOLLARCORP.MONEYCORP.LOCAL","PrincipalType":"group","RightName":"GenericWrite","AceType":""},{"PrincipalName":"ADMINISTRATORS@DOLLARCORP.MONEYCORP.LOCAL","PrincipalType":"group","RightName":"WriteOwner","AceType":""},{"PrincipalName":"ADMINISTRATORS@DOLLARCORP.MONEYCORP.LOCAL","PrincipalType":"group","RightName":"WriteDacl","AceType":""}],"AllowedToDelegate":[]},{"Properties":{"domain":"DOLLARCORP.MONEYCORP.LOCAL","objectsid":"S-1-5-21-1874506631-3219952063-538504511-34614","highvalue":false,"enabled":true,"lastlogon":0,"pwdlastset":1581072137,"serviceprincipalnames":[],"hasspn":false,"displayname":"Support132User","email":null,"title":null,"homedirectory":null,"description":null,"userpassword":null,"sensitive":false,"dontreqpreauth":false,"admincount":false},"Name":"SUPPORT132USER@DOLLARCORP.MONEYCORP.LOCAL","PrimaryGroup":"DOMAIN USERS@DOLLARCORP.MONEYCORP.LOCAL","Aces":[{"PrincipalName":"DOMAIN ADMINS@DOLLARCORP.MONEYCORP.LOCAL","PrincipalType":"group","RightName":"Owner","AceType":""},{"PrincipalName":"DOMAIN ADMINS@DOLLARCORP.MONEYCORP.LOCAL","PrincipalType":"group","RightName":"GenericAll","AceType":""},{"PrincipalName":"RDPUSERS@DOLLARCORP.MONEYCORP.LOCAL","PrincipalType":"group","RightName":"GenericAll","AceType":""},{"PrincipalName":"ACCOUNT OPERATORS@DOLLARCORP.MONEYCORP.LOCAL","PrincipalType":"group","RightName":"GenericAll","AceType":""},{"PrincipalName":"ADMINISTRATORS@DOLLARCORP.MONEYCORP.LOCAL","PrincipalType":"group","RightName":"GenericWrite","AceType":""},{"PrincipalName":"ADMINISTRATORS@DOLLARCORP.MONEYCORP.LOCAL","PrincipalType":"group","RightName":"WriteOwner","AceType":""},{"PrincipalName":"ADMINISTRATORS@DOLLARCORP.MONEYCORP.LOCAL","PrincipalType":"group","RightName":"WriteDacl","AceType":""}],"AllowedToDelegate":[]},{"Properties":{"domain":"DOLLARCORP.MONEYCORP.LOCAL","objectsid":"S-1-5-21-1874506631-3219952063-538504511-34617","highvalue":false,"enabled":true,"lastlogon":0,"pwdlastset":1581072138,"serviceprincipalnames":[],"hasspn":false,"displayname":"Support135User","email":null,"title":null,"homedirectory":null,"description":null,"userpassword":null,"sensitive":false,"dontreqpreauth":false,"admincount":false},"Name":"SUPPORT135USER@DOLLARCORP.MONEYCORP.LOCAL","PrimaryGroup":"DOMAIN USERS@DOLLARCORP.MONEYCORP.LOCAL","Aces":[{"PrincipalName":"DOMAIN ADMINS@DOLLARCORP.MONEYCORP.LOCAL","PrincipalType":"group","RightName":"Owner","AceType":""},{"PrincipalName":"DOMAIN ADMINS@DOLLARCORP.MONEYCORP.LOCAL","PrincipalType":"group","RightName":"GenericAll","AceType":""},{"PrincipalName":"RDPUSERS@DOLLARCORP.MONEYCORP.LOCAL","PrincipalType":"group","RightName":"GenericAll","AceType":""},{"PrincipalName":"ACCOUNT OPERATORS@DOLLARCORP.MONEYCORP.LOCAL","PrincipalType":"group","RightName":"GenericAll","AceType":""},{"PrincipalName":"ADMINISTRATORS@DOLLARCORP.MONEYCORP.LOCAL","PrincipalType":"group","RightName":"GenericWrite","AceType":""},{"PrincipalName":"ADMINISTRATORS@DOLLARCORP.MONEYCORP.LOCAL","PrincipalType":"group","RightName":"WriteOwner","AceType":""},{"PrincipalName":"ADMINISTRATORS@DOLLARCORP.MONEYCORP.LOCAL","PrincipalType":"group","RightName":"WriteDacl","AceType":""}],"AllowedToDelegate":[]},{"Properties":{"domain":"DOLLARCORP.MONEYCORP.LOCAL","objectsid":"S-1-5-21-1874506631-3219952063-538504511-34616","highvalue":false,"enabled":true,"lastlogon":0,"pwdlastset":1581072137,"serviceprincipalnames":[],"hasspn":false,"displayname":"Support134User","email":null,"title":null,"homedirectory":null,"description":null,"userpassword":null,"sensitive":false,"dontreqpreauth":false,"admincount":false},"Name":"SUPPORT134USER@DOLLARCORP.MONEYCORP.LOCAL","PrimaryGroup":"DOMAIN USERS@DOLLARCORP.MONEYCORP.LOCAL","Aces":[{"PrincipalName":"DOMAIN ADMINS@DOLLARCORP.MONEYCORP.LOCAL","PrincipalType":"group","RightName":"Owner","AceType":""},{"PrincipalName":"DOMAIN ADMINS@DOLLARCORP.MONEYCORP.LOCAL","PrincipalType":"group","RightName":"GenericAll","AceType":""},{"PrincipalName":"RDPUSERS@DOLLARCORP.MONEYCORP.LOCAL","PrincipalType":"group","RightName":"GenericAll","AceType":""},{"PrincipalName":"ACCOUNT OPERATORS@DOLLARCORP.MONEYCORP.LOCAL","PrincipalType":"group","RightName":"GenericAll","AceType":""},{"PrincipalName":"ADMINISTRATORS@DOLLARCORP.MONEYCORP.LOCAL","PrincipalType":"group","RightName":"GenericWrite","AceType":""},{"PrincipalName":"ADMINISTRATORS@DOLLARCORP.MONEYCORP.LOCAL","PrincipalType":"group","RightName":"WriteOwner","AceType":""},{"PrincipalName":"ADMINISTRATORS@DOLLARCORP.MONEYCORP.LOCAL","PrincipalType":"group","RightName":"WriteDacl","AceType":""}],"AllowedToDelegate":[]},{"Properties":{"domain":"DOLLARCORP.MONEYCORP.LOCAL","objectsid":"S-1-5-21-1874506631-3219952063-538504511-34618","highvalue":false,"enabled":true,"lastlogon":0,"pwdlastset":1581072138,"serviceprincipalnames":[],"hasspn":false,"displayname":"Support136User","email":null,"title":null,"homedirectory":null,"description":null,"userpassword":null,"sensitive":false,"dontreqpreauth":false,"admincount":false},"Name":"SUPPORT136USER@DOLLARCORP.MONEYCORP.LOCAL","PrimaryGroup":"DOMAIN USERS@DOLLARCORP.MONEYCORP.LOCAL","Aces":[{"PrincipalName":"DOMAIN ADMINS@DOLLARCORP.MONEYCORP.LOCAL","PrincipalType":"group","RightName":"Owner","AceType":""},{"PrincipalName":"DOMAIN ADMINS@DOLLARCORP.MONEYCORP.LOCAL","PrincipalType":"group","RightName":"GenericAll","AceType":""},{"PrincipalName":"RDPUSERS@DOLLARCORP.MONEYCORP.LOCAL","PrincipalType":"group","RightName":"GenericAll","AceType":""},{"PrincipalName":"ACCOUNT OPERATORS@DOLLARCORP.MONEYCORP.LOCAL","PrincipalType":"group","RightName":"GenericAll","AceType":""},{"PrincipalName":"ADMINISTRATORS@DOLLARCORP.MONEYCORP.LOCAL","PrincipalType":"group","RightName":"GenericWrite","AceType":""},{"PrincipalName":"ADMINISTRATORS@DOLLARCORP.MONEYCORP.LOCAL","PrincipalType":"group","RightName":"WriteOwner","AceType":""},{"PrincipalName":"ADMINISTRATORS@DOLLARCORP.MONEYCORP.LOCAL","PrincipalType":"group","RightName":"WriteDacl","AceType":""}],"AllowedToDelegate":[]},{"Properties":{"domain":"DOLLARCORP.MONEYCORP.LOCAL","objectsid":"S-1-5-21-1874506631-3219952063-538504511-34619","highvalue":false,"enabled":true,"lastlogon":0,"pwdlastset":1581072138,"serviceprincipalnames":[],"hasspn":false,"displayname":"Support137User","email":null,"title":null,"homedirectory":null,"description":null,"userpassword":null,"sensitive":false,"dontreqpreauth":false,"admincount":false},"Name":"SUPPORT137USER@DOLLARCORP.MONEYCORP.LOCAL","PrimaryGroup":"DOMAIN USERS@DOLLARCORP.MONEYCORP.LOCAL","Aces":[{"PrincipalName":"DOMAIN ADMINS@DOLLARCORP.MONEYCORP.LOCAL","PrincipalType":"group","RightName":"Owner","AceType":""},{"PrincipalName":"DOMAIN ADMINS@DOLLARCORP.MONEYCORP.LOCAL","PrincipalType":"group","RightName":"GenericAll","AceType":""},{"PrincipalName":"RDPUSERS@DOLLARCORP.MONEYCORP.LOCAL","PrincipalType":"group","RightName":"GenericAll","AceType":""},{"PrincipalName":"ACCOUNT OPERATORS@DOLLARCORP.MONEYCORP.LOCAL","PrincipalType":"group","RightName":"GenericAll","AceType":""},{"PrincipalName":"ADMINISTRATORS@DOLLARCORP.MONEYCORP.LOCAL","PrincipalType":"group","RightName":"GenericWrite","AceType":""},{"PrincipalName":"ADMINISTRATORS@DOLLARCORP.MONEYCORP.LOCAL","PrincipalType":"group","RightName":"WriteOwner","AceType":""},{"PrincipalName":"ADMINISTRATORS@DOLLARCORP.MONEYCORP.LOCAL","PrincipalType":"group","RightName":"WriteDacl","AceType":""}],"AllowedToDelegate":[]},{"Properties":{"domain":"DOLLARCORP.MONEYCORP.LOCAL","objectsid":"S-1-5-21-1874506631-3219952063-538504511-34624","highvalue":false,"enabled":true,"lastlogon":0,"pwdlastset":1581072139,"serviceprincipalnames":[],"hasspn":false,"displayname":"Support142User","email":null,"title":null,"homedirectory":null,"description":null,"userpassword":null,"sensitive":false,"dontreqpreauth":false,"admincount":false},"Name":"SUPPORT142USER@DOLLARCORP.MONEYCORP.LOCAL","PrimaryGroup":"DOMAIN USERS@DOLLARCORP.MONEYCORP.LOCAL","Aces":[{"PrincipalName":"DOMAIN ADMINS@DOLLARCORP.MONEYCORP.LOCAL","PrincipalType":"group","RightName":"Owner","AceType":""},{"PrincipalName":"DOMAIN ADMINS@DOLLARCORP.MONEYCORP.LOCAL","PrincipalType":"group","RightName":"GenericAll","AceType":""},{"PrincipalName":"RDPUSERS@DOLLARCORP.MONEYCORP.LOCAL","PrincipalType":"group","RightName":"GenericAll","AceType":""},{"PrincipalName":"ACCOUNT OPERATORS@DOLLARCORP.MONEYCORP.LOCAL","PrincipalType":"group","RightName":"GenericAll","AceType":""},{"PrincipalName":"ADMINISTRATORS@DOLLARCORP.MONEYCORP.LOCAL","PrincipalType":"group","RightName":"GenericWrite","AceType":""},{"PrincipalName":"ADMINISTRATORS@DOLLARCORP.MONEYCORP.LOCAL","PrincipalType":"group","RightName":"WriteOwner","AceType":""},{"PrincipalName":"ADMINISTRATORS@DOLLARCORP.MONEYCORP.LOCAL","PrincipalType":"group","RightName":"WriteDacl","AceType":""}],"AllowedToDelegate":[]},{"Properties":{"domain":"DOLLARCORP.MONEYCORP.LOCAL","objectsid":"S-1-5-21-1874506631-3219952063-538504511-34620","highvalue":false,"enabled":true,"lastlogon":0,"pwdlastset":1581072138,"serviceprincipalnames":[],"hasspn":false,"displayname":"Support138User","email":null,"title":null,"homedirectory":null,"description":null,"userpassword":null,"sensitive":false,"dontreqpreauth":false,"admincount":false},"Name":"SUPPORT138USER@DOLLARCORP.MONEYCORP.LOCAL","PrimaryGroup":"DOMAIN USERS@DOLLARCORP.MONEYCORP.LOCAL","Aces":[{"PrincipalName":"DOMAIN ADMINS@DOLLARCORP.MONEYCORP.LOCAL","PrincipalType":"group","RightName":"Owner","AceType":""},{"PrincipalName":"DOMAIN ADMINS@DOLLARCORP.MONEYCORP.LOCAL","PrincipalType":"group","RightName":"GenericAll","AceType":""},{"PrincipalName":"RDPUSERS@DOLLARCORP.MONEYCORP.LOCAL","PrincipalType":"group","RightName":"GenericAll","AceType":""},{"PrincipalName":"ACCOUNT OPERATORS@DOLLARCORP.MONEYCORP.LOCAL","PrincipalType":"group","RightName":"GenericAll","AceType":""},{"PrincipalName":"ADMINISTRATORS@DOLLARCORP.MONEYCORP.LOCAL","PrincipalType":"group","RightName":"GenericWrite","AceType":""},{"PrincipalName":"ADMINISTRATORS@DOLLARCORP.MONEYCORP.LOCAL","PrincipalType":"group","RightName":"WriteOwner","AceType":""},{"PrincipalName":"ADMINISTRATORS@DOLLARCORP.MONEYCORP.LOCAL","PrincipalType":"group","RightName":"WriteDacl","AceType":""}],"AllowedToDelegate":[]},{"Properties":{"domain":"DOLLARCORP.MONEYCORP.LOCAL","objectsid":"S-1-5-21-1874506631-3219952063-538504511-34622","highvalue":false,"enabled":true,"lastlogon":0,"pwdlastset":1581072139,"serviceprincipalnames":[],"hasspn":false,"displayname":"Support140User","email":null,"title":null,"homedirectory":null,"description":null,"userpassword":null,"sensitive":false,"dontreqpreauth":false,"admincount":false},"Name":"SUPPORT140USER@DOLLARCORP.MONEYCORP.LOCAL","PrimaryGroup":"DOMAIN USERS@DOLLARCORP.MONEYCORP.LOCAL","Aces":[{"PrincipalName":"DOMAIN ADMINS@DOLLARCORP.MONEYCORP.LOCAL","PrincipalType":"group","RightName":"Owner","AceType":""},{"PrincipalName":"DOMAIN ADMINS@DOLLARCORP.MONEYCORP.LOCAL","PrincipalType":"group","RightName":"GenericAll","AceType":""},{"PrincipalName":"RDPUSERS@DOLLARCORP.MONEYCORP.LOCAL","PrincipalType":"group","RightName":"GenericAll","AceType":""},{"PrincipalName":"ACCOUNT OPERATORS@DOLLARCORP.MONEYCORP.LOCAL","PrincipalType":"group","RightName":"GenericAll","AceType":""},{"PrincipalName":"ADMINISTRATORS@DOLLARCORP.MONEYCORP.LOCAL","PrincipalType":"group","RightName":"GenericWrite","AceType":""},{"PrincipalName":"ADMINISTRATORS@DOLLARCORP.MONEYCORP.LOCAL","PrincipalType":"group","RightName":"WriteOwner","AceType":""},{"PrincipalName":"ADMINISTRATORS@DOLLARCORP.MONEYCORP.LOCAL","PrincipalType":"group","RightName":"WriteDacl","AceType":""}],"AllowedToDelegate":[]},{"Properties":{"domain":"DOLLARCORP.MONEYCORP.LOCAL","objectsid":"S-1-5-21-1874506631-3219952063-538504511-34621","highvalue":false,"enabled":true,"lastlogon":0,"pwdlastset":1581072139,"serviceprincipalnames":[],"hasspn":false,"displayname":"Support139User","email":null,"title":null,"homedirectory":null,"description":null,"userpassword":null,"sensitive":false,"dontreqpreauth":false,"admincount":false},"Name":"SUPPORT139USER@DOLLARCORP.MONEYCORP.LOCAL","PrimaryGroup":"DOMAIN USERS@DOLLARCORP.MONEYCORP.LOCAL","Aces":[{"PrincipalName":"DOMAIN ADMINS@DOLLARCORP.MONEYCORP.LOCAL","PrincipalType":"group","RightName":"Owner","AceType":""},{"PrincipalName":"DOMAIN ADMINS@DOLLARCORP.MONEYCORP.LOCAL","PrincipalType":"group","RightName":"GenericAll","AceType":""},{"PrincipalName":"RDPUSERS@DOLLARCORP.MONEYCORP.LOCAL","PrincipalType":"group","RightName":"GenericAll","AceType":""},{"PrincipalName":"ACCOUNT OPERATORS@DOLLARCORP.MONEYCORP.LOCAL","PrincipalType":"group","RightName":"GenericAll","AceType":""},{"PrincipalName":"ADMINISTRATORS@DOLLARCORP.MONEYCORP.LOCAL","PrincipalType":"group","RightName":"GenericWrite","AceType":""},{"PrincipalName":"ADMINISTRATORS@DOLLARCORP.MONEYCORP.LOCAL","PrincipalType":"group","RightName":"WriteOwner","AceType":""},{"PrincipalName":"ADMINISTRATORS@DOLLARCORP.MONEYCORP.LOCAL","PrincipalType":"group","RightName":"WriteDacl","AceType":""}],"AllowedToDelegate":[]},{"Properties":{"domain":"DOLLARCORP.MONEYCORP.LOCAL","objectsid":"S-1-5-21-1874506631-3219952063-538504511-34623","highvalue":false,"enabled":true,"lastlogon":0,"pwdlastset":1581072139,"serviceprincipalnames":[],"hasspn":false,"displayname":"Support141User","email":null,"title":null,"homedirectory":null,"description":null,"userpassword":null,"sensitive":false,"dontreqpreauth":false,"admincount":false},"Name":"SUPPORT141USER@DOLLARCORP.MONEYCORP.LOCAL","PrimaryGroup":"DOMAIN USERS@DOLLARCORP.MONEYCORP.LOCAL","Aces":[{"PrincipalName":"DOMAIN ADMINS@DOLLARCORP.MONEYCORP.LOCAL","PrincipalType":"group","RightName":"Owner","AceType":""},{"PrincipalName":"DOMAIN ADMINS@DOLLARCORP.MONEYCORP.LOCAL","PrincipalType":"group","RightName":"GenericAll","AceType":""},{"PrincipalName":"RDPUSERS@DOLLARCORP.MONEYCORP.LOCAL","PrincipalType":"group","RightName":"GenericAll","AceType":""},{"PrincipalName":"ACCOUNT OPERATORS@DOLLARCORP.MONEYCORP.LOCAL","PrincipalType":"group","RightName":"GenericAll","AceType":""},{"PrincipalName":"ADMINISTRATORS@DOLLARCORP.MONEYCORP.LOCAL","PrincipalType":"group","RightName":"GenericWrite","AceType":""},{"PrincipalName":"ADMINISTRATORS@DOLLARCORP.MONEYCORP.LOCAL","PrincipalType":"group","RightName":"WriteOwner","AceType":""},{"PrincipalName":"ADMINISTRATORS@DOLLARCORP.MONEYCORP.LOCAL","PrincipalType":"group","RightName":"WriteDacl","AceType":""}],"AllowedToDelegate":[]},{"Properties":{"domain":"DOLLARCORP.MONEYCORP.LOCAL","objectsid":"S-1-5-21-1874506631-3219952063-538504511-34625","highvalue":false,"enabled":true,"lastlogon":0,"pwdlastset":1581072168,"serviceprincipalnames":[],"hasspn":false,"displayname":"VPN131User","email":null,"title":null,"homedirectory":null,"description":null,"userpassword":null,"sensitive":false,"dontreqpreauth":true,"admincount":false},"Name":"VPN131USER@DOLLARCORP.MONEYCORP.LOCAL","PrimaryGroup":"DOMAIN USERS@DOLLARCORP.MONEYCORP.LOCAL","Aces":[{"PrincipalName":"DOMAIN ADMINS@DOLLARCORP.MONEYCORP.LOCAL","PrincipalType":"group","RightName":"Owner","AceType":""},{"PrincipalName":"DOMAIN ADMINS@DOLLARCORP.MONEYCORP.LOCAL","PrincipalType":"group","RightName":"GenericAll","AceType":""},{"PrincipalName":"ACCOUNT OPERATORS@DOLLARCORP.MONEYCORP.LOCAL","PrincipalType":"group","RightName":"GenericAll","AceType":""},{"PrincipalName":"ADMINISTRATORS@DOLLARCORP.MONEYCORP.LOCAL","PrincipalType":"group","RightName":"GenericWrite","AceType":""},{"PrincipalName":"ADMINISTRATORS@DOLLARCORP.MONEYCORP.LOCAL","PrincipalType":"group","RightName":"WriteOwner","AceType":""},{"PrincipalName":"ADMINISTRATORS@DOLLARCORP.MONEYCORP.LOCAL","PrincipalType":"group","RightName":"WriteDacl","AceType":""}],"AllowedToDelegate":[]},{"Properties":{"domain":"DOLLARCORP.MONEYCORP.LOCAL","objectsid":"S-1-5-21-1874506631-3219952063-538504511-34626","highvalue":false,"enabled":true,"lastlogon":0,"pwdlastset":1581072168,"serviceprincipalnames":[],"hasspn":false,"displayname":"VPN132User","email":null,"title":null,"homedirectory":null,"description":null,"userpassword":null,"sensitive":false,"dontreqpreauth":true,"admincount":false},"Name":"VPN132USER@DOLLARCORP.MONEYCORP.LOCAL","PrimaryGroup":"DOMAIN USERS@DOLLARCORP.MONEYCORP.LOCAL","Aces":[{"PrincipalName":"DOMAIN ADMINS@DOLLARCORP.MONEYCORP.LOCAL","PrincipalType":"group","RightName":"Owner","AceType":""},{"PrincipalName":"DOMAIN ADMINS@DOLLARCORP.MONEYCORP.LOCAL","PrincipalType":"group","RightName":"GenericAll","AceType":""},{"PrincipalName":"ACCOUNT OPERATORS@DOLLARCORP.MONEYCORP.LOCAL","PrincipalType":"group","RightName":"GenericAll","AceType":""},{"PrincipalName":"ADMINISTRATORS@DOLLARCORP.MONEYCORP.LOCAL","PrincipalType":"group","RightName":"GenericWrite","AceType":""},{"PrincipalName":"ADMINISTRATORS@DOLLARCORP.MONEYCORP.LOCAL","PrincipalType":"group","RightName":"WriteOwner","AceType":""},{"PrincipalName":"ADMINISTRATORS@DOLLARCORP.MONEYCORP.LOCAL","PrincipalType":"group","RightName":"WriteDacl","AceType":""}],"AllowedToDelegate":[]},{"Properties":{"domain":"DOLLARCORP.MONEYCORP.LOCAL","objectsid":"S-1-5-21-1874506631-3219952063-538504511-34627","highvalue":false,"enabled":true,"lastlogon":0,"pwdlastset":1581072168,"serviceprincipalnames":[],"hasspn":false,"displayname":"VPN133User","email":null,"title":null,"homedirectory":null,"description":null,"userpassword":null,"sensitive":false,"dontreqpreauth":true,"admincount":false},"Name":"VPN133USER@DOLLARCORP.MONEYCORP.LOCAL","PrimaryGroup":"DOMAIN USERS@DOLLARCORP.MONEYCORP.LOCAL","Aces":[{"PrincipalName":"DOMAIN ADMINS@DOLLARCORP.MONEYCORP.LOCAL","PrincipalType":"group","RightName":"Owner","AceType":""},{"PrincipalName":"DOMAIN ADMINS@DOLLARCORP.MONEYCORP.LOCAL","PrincipalType":"group","RightName":"GenericAll","AceType":""},{"PrincipalName":"ACCOUNT OPERATORS@DOLLARCORP.MONEYCORP.LOCAL","PrincipalType":"group","RightName":"GenericAll","AceType":""},{"PrincipalName":"ADMINISTRATORS@DOLLARCORP.MONEYCORP.LOCAL","PrincipalType":"group","RightName":"GenericWrite","AceType":""},{"PrincipalName":"ADMINISTRATORS@DOLLARCORP.MONEYCORP.LOCAL","PrincipalType":"group","RightName":"WriteOwner","AceType":""},{"PrincipalName":"ADMINISTRATORS@DOLLARCORP.MONEYCORP.LOCAL","PrincipalType":"group","RightName":"WriteDacl","AceType":""}],"AllowedToDelegate":[]},{"Properties":{"domain":"DOLLARCORP.MONEYCORP.LOCAL","objectsid":"S-1-5-21-1874506631-3219952063-538504511-34628","highvalue":false,"enabled":true,"lastlogon":0,"pwdlastset":1581072169,"serviceprincipalnames":[],"hasspn":false,"displayname":"VPN134User","email":null,"title":null,"homedirectory":null,"description":null,"userpassword":null,"sensitive":false,"dontreqpreauth":true,"admincount":false},"Name":"VPN134USER@DOLLARCORP.MONEYCORP.LOCAL","PrimaryGroup":"DOMAIN USERS@DOLLARCORP.MONEYCORP.LOCAL","Aces":[{"PrincipalName":"DOMAIN ADMINS@DOLLARCORP.MONEYCORP.LOCAL","PrincipalType":"group","RightName":"Owner","AceType":""},{"PrincipalName":"DOMAIN ADMINS@DOLLARCORP.MONEYCORP.LOCAL","PrincipalType":"group","RightName":"GenericAll","AceType":""},{"PrincipalName":"ACCOUNT OPERATORS@DOLLARCORP.MONEYCORP.LOCAL","PrincipalType":"group","RightName":"GenericAll","AceType":""},{"PrincipalName":"ADMINISTRATORS@DOLLARCORP.MONEYCORP.LOCAL","PrincipalType":"group","RightName":"GenericWrite","AceType":""},{"PrincipalName":"ADMINISTRATORS@DOLLARCORP.MONEYCORP.LOCAL","PrincipalType":"group","RightName":"WriteOwner","AceType":""},{"PrincipalName":"ADMINISTRATORS@DOLLARCORP.MONEYCORP.LOCAL","PrincipalType":"group","RightName":"WriteDacl","AceType":""}],"AllowedToDelegate":[]},{"Properties":{"domain":"DOLLARCORP.MONEYCORP.LOCAL","objectsid":"S-1-5-21-1874506631-3219952063-538504511-34629","highvalue":false,"enabled":true,"lastlogon":0,"pwdlastset":1581072169,"serviceprincipalnames":[],"hasspn":false,"displayname":"VPN135User","email":null,"title":null,"homedirectory":null,"description":null,"userpassword":null,"sensitive":false,"dontreqpreauth":true,"admincount":false},"Name":"VPN135USER@DOLLARCORP.MONEYCORP.LOCAL","PrimaryGroup":"DOMAIN USERS@DOLLARCORP.MONEYCORP.LOCAL","Aces":[{"PrincipalName":"DOMAIN ADMINS@DOLLARCORP.MONEYCORP.LOCAL","PrincipalType":"group","RightName":"Owner","AceType":""},{"PrincipalName":"DOMAIN ADMINS@DOLLARCORP.MONEYCORP.LOCAL","PrincipalType":"group","RightName":"GenericAll","AceType":""},{"PrincipalName":"ACCOUNT OPERATORS@DOLLARCORP.MONEYCORP.LOCAL","PrincipalType":"group","RightName":"GenericAll","AceType":""},{"PrincipalName":"ADMINISTRATORS@DOLLARCORP.MONEYCORP.LOCAL","PrincipalType":"group","RightName":"GenericWrite","AceType":""},{"PrincipalName":"ADMINISTRATORS@DOLLARCORP.MONEYCORP.LOCAL","PrincipalType":"group","RightName":"WriteOwner","AceType":""},{"PrincipalName":"ADMINISTRATORS@DOLLARCORP.MONEYCORP.LOCAL","PrincipalType":"group","RightName":"WriteDacl","AceType":""}],"AllowedToDelegate":[]},{"Properties":{"domain":"DOLLARCORP.MONEYCORP.LOCAL","objectsid":"S-1-5-21-1874506631-3219952063-538504511-34630","highvalue":false,"enabled":true,"lastlogon":0,"pwdlastset":1581072169,"serviceprincipalnames":[],"hasspn":false,"displayname":"VPN136User","email":null,"title":null,"homedirectory":null,"description":null,"userpassword":null,"sensitive":false,"dontreqpreauth":true,"admincount":false},"Name":"VPN136USER@DOLLARCORP.MONEYCORP.LOCAL","PrimaryGroup":"DOMAIN USERS@DOLLARCORP.MONEYCORP.LOCAL","Aces":[{"PrincipalName":"DOMAIN ADMINS@DOLLARCORP.MONEYCORP.LOCAL","PrincipalType":"group","RightName":"Owner","AceType":""},{"PrincipalName":"DOMAIN ADMINS@DOLLARCORP.MONEYCORP.LOCAL","PrincipalType":"group","RightName":"GenericAll","AceType":""},{"PrincipalName":"ACCOUNT OPERATORS@DOLLARCORP.MONEYCORP.LOCAL","PrincipalType":"group","RightName":"GenericAll","AceType":""},{"PrincipalName":"ADMINISTRATORS@DOLLARCORP.MONEYCORP.LOCAL","PrincipalType":"group","RightName":"GenericWrite","AceType":""},{"PrincipalName":"ADMINISTRATORS@DOLLARCORP.MONEYCORP.LOCAL","PrincipalType":"group","RightName":"WriteOwner","AceType":""},{"PrincipalName":"ADMINISTRATORS@DOLLARCORP.MONEYCORP.LOCAL","PrincipalType":"group","RightName":"WriteDacl","AceType":""}],"AllowedToDelegate":[]},{"Properties":{"domain":"DOLLARCORP.MONEYCORP.LOCAL","objectsid":"S-1-5-21-1874506631-3219952063-538504511-34632","highvalue":false,"enabled":true,"lastlogon":0,"pwdlastset":1581072169,"serviceprincipalnames":[],"hasspn":false,"displayname":"VPN138User","email":null,"title":null,"homedirectory":null,"description":null,"userpassword":null,"sensitive":false,"dontreqpreauth":true,"admincount":false},"Name":"VPN138USER@DOLLARCORP.MONEYCORP.LOCAL","PrimaryGroup":"DOMAIN USERS@DOLLARCORP.MONEYCORP.LOCAL","Aces":[{"PrincipalName":"DOMAIN ADMINS@DOLLARCORP.MONEYCORP.LOCAL","PrincipalType":"group","RightName":"Owner","AceType":""},{"PrincipalName":"DOMAIN ADMINS@DOLLARCORP.MONEYCORP.LOCAL","PrincipalType":"group","RightName":"GenericAll","AceType":""},{"PrincipalName":"ACCOUNT OPERATORS@DOLLARCORP.MONEYCORP.LOCAL","PrincipalType":"group","RightName":"GenericAll","AceType":""},{"PrincipalName":"ADMINISTRATORS@DOLLARCORP.MONEYCORP.LOCAL","PrincipalType":"group","RightName":"GenericWrite","AceType":""},{"PrincipalName":"ADMINISTRATORS@DOLLARCORP.MONEYCORP.LOCAL","PrincipalType":"group","RightName":"WriteOwner","AceType":""},{"PrincipalName":"ADMINISTRATORS@DOLLARCORP.MONEYCORP.LOCAL","PrincipalType":"group","RightName":"WriteDacl","AceType":""}],"AllowedToDelegate":[]},{"Properties":{"domain":"DOLLARCORP.MONEYCORP.LOCAL","objectsid":"S-1-5-21-1874506631-3219952063-538504511-34631","highvalue":false,"enabled":true,"lastlogon":0,"pwdlastset":1581072169,"serviceprincipalnames":[],"hasspn":false,"displayname":"VPN137User","email":null,"title":null,"homedirectory":null,"description":null,"userpassword":null,"sensitive":false,"dontreqpreauth":true,"admincount":false},"Name":"VPN137USER@DOLLARCORP.MONEYCORP.LOCAL","PrimaryGroup":"DOMAIN USERS@DOLLARCORP.MONEYCORP.LOCAL","Aces":[{"PrincipalName":"DOMAIN ADMINS@DOLLARCORP.MONEYCORP.LOCAL","PrincipalType":"group","RightName":"Owner","AceType":""},{"PrincipalName":"DOMAIN ADMINS@DOLLARCORP.MONEYCORP.LOCAL","PrincipalType":"group","RightName":"GenericAll","AceType":""},{"PrincipalName":"ACCOUNT OPERATORS@DOLLARCORP.MONEYCORP.LOCAL","PrincipalType":"group","RightName":"GenericAll","AceType":""},{"PrincipalName":"ADMINISTRATORS@DOLLARCORP.MONEYCORP.LOCAL","PrincipalType":"group","RightName":"GenericWrite","AceType":""},{"PrincipalName":"ADMINISTRATORS@DOLLARCORP.MONEYCORP.LOCAL","PrincipalType":"group","RightName":"WriteOwner","AceType":""},{"PrincipalName":"ADMINISTRATORS@DOLLARCORP.MONEYCORP.LOCAL","PrincipalType":"group","RightName":"WriteDacl","AceType":""}],"AllowedToDelegate":[]},{"Properties":{"domain":"DOLLARCORP.MONEYCORP.LOCAL","objectsid":"S-1-5-21-1874506631-3219952063-538504511-34633","highvalue":false,"enabled":true,"lastlogon":0,"pwdlastset":1581072169,"serviceprincipalnames":[],"hasspn":false,"displayname":"VPN139User","email":null,"title":null,"homedirectory":null,"description":null,"userpassword":null,"sensitive":false,"dontreqpreauth":true,"admincount":false},"Name":"VPN139USER@DOLLARCORP.MONEYCORP.LOCAL","PrimaryGroup":"DOMAIN USERS@DOLLARCORP.MONEYCORP.LOCAL","Aces":[{"PrincipalName":"DOMAIN ADMINS@DOLLARCORP.MONEYCORP.LOCAL","PrincipalType":"group","RightName":"Owner","AceType":""},{"PrincipalName":"DOMAIN ADMINS@DOLLARCORP.MONEYCORP.LOCAL","PrincipalType":"group","RightName":"GenericAll","AceType":""},{"PrincipalName":"ACCOUNT OPERATORS@DOLLARCORP.MONEYCORP.LOCAL","PrincipalType":"group","RightName":"GenericAll","AceType":""},{"PrincipalName":"ADMINISTRATORS@DOLLARCORP.MONEYCORP.LOCAL","PrincipalType":"group","RightName":"GenericWrite","AceType":""},{"PrincipalName":"ADMINISTRATORS@DOLLARCORP.MONEYCORP.LOCAL","PrincipalType":"group","RightName":"WriteOwner","AceType":""},{"PrincipalName":"ADMINISTRATORS@DOLLARCORP.MONEYCORP.LOCAL","PrincipalType":"group","RightName":"WriteDacl","AceType":""}],"AllowedToDelegate":[]},{"Properties":{"domain":"DOLLARCORP.MONEYCORP.LOCAL","objectsid":"S-1-5-21-1874506631-3219952063-538504511-34634","highvalue":false,"enabled":true,"lastlogon":0,"pwdlastset":1581072170,"serviceprincipalnames":[],"hasspn":false,"displayname":"VPN140User","email":null,"title":null,"homedirectory":null,"description":null,"userpassword":null,"sensitive":false,"dontreqpreauth":true,"admincount":false},"Name":"VPN140USER@DOLLARCORP.MONEYCORP.LOCAL","PrimaryGroup":"DOMAIN USERS@DOLLARCORP.MONEYCORP.LOCAL","Aces":[{"PrincipalName":"DOMAIN ADMINS@DOLLARCORP.MONEYCORP.LOCAL","PrincipalType":"group","RightName":"Owner","AceType":""},{"PrincipalName":"DOMAIN ADMINS@DOLLARCORP.MONEYCORP.LOCAL","PrincipalType":"group","RightName":"GenericAll","AceType":""},{"PrincipalName":"ACCOUNT OPERATORS@DOLLARCORP.MONEYCORP.LOCAL","PrincipalType":"group","RightName":"GenericAll","AceType":""},{"PrincipalName":"ADMINISTRATORS@DOLLARCORP.MONEYCORP.LOCAL","PrincipalType":"group","RightName":"GenericWrite","AceType":""},{"PrincipalName":"ADMINISTRATORS@DOLLARCORP.MONEYCORP.LOCAL","PrincipalType":"group","RightName":"WriteOwner","AceType":""},{"PrincipalName":"ADMINISTRATORS@DOLLARCORP.MONEYCORP.LOCAL","PrincipalType":"group","RightName":"WriteDacl","AceType":""}],"AllowedToDelegate":[]},{"Properties":{"domain":"DOLLARCORP.MONEYCORP.LOCAL","objectsid":"S-1-5-21-1874506631-3219952063-538504511-501","highvalue":false,"enabled":false,"lastlogon":0,"pwdlastset":0,"serviceprincipalnames":[],"hasspn":false,"displayname":null,"email":null,"title":null,"homedirectory":null,"description":"Built-in account for guest access to the computer/domain","userpassword":null,"sensitive":false,"dontreqpreauth":false,"admincount":false},"Name":"GUEST@DOLLARCORP.MONEYCORP.LOCAL","PrimaryGroup":"DOMAIN GUESTS@DOLLARCORP.MONEYCORP.LOCAL","Aces":[{"PrincipalName":"ADMINISTRATORS@DOLLARCORP.MONEYCORP.LOCAL","PrincipalType":"group","RightName":"Owner","AceType":""},{"PrincipalName":"DOMAIN ADMINS@DOLLARCORP.MONEYCORP.LOCAL","PrincipalType":"group","RightName":"GenericAll","AceType":""},{"PrincipalName":"ACCOUNT OPERATORS@DOLLARCORP.MONEYCORP.LOCAL","PrincipalType":"group","RightName":"GenericAll","AceType":""},{"PrincipalName":"ADMINISTRATORS@DOLLARCORP.MONEYCORP.LOCAL","PrincipalType":"group","RightName":"GenericWrite","AceType":""},{"PrincipalName":"ADMINISTRATORS@DOLLARCORP.MONEYCORP.LOCAL","PrincipalType":"group","RightName":"WriteOwner","AceType":""},{"PrincipalName":"ADMINISTRATORS@DOLLARCORP.MONEYCORP.LOCAL","PrincipalType":"group","RightName":"WriteDacl","AceType":""}],"AllowedToDelegate":[]},{"Properties":{"domain":"DOLLARCORP.MONEYCORP.LOCAL","objectsid":"S-1-5-21-1874506631-3219952063-538504511-34635","highvalue":false,"enabled":true,"lastlogon":0,"pwdlastset":1581072170,"serviceprincipalnames":[],"hasspn":false,"displayname":"VPN141User","email":null,"title":null,"homedirectory":null,"description":null,"userpassword":null,"sensitive":false,"dontreqpreauth":true,"admincount":false},"Name":"VPN141USER@DOLLARCORP.MONEYCORP.LOCAL","PrimaryGroup":"DOMAIN USERS@DOLLARCORP.MONEYCORP.LOCAL","Aces":[{"PrincipalName":"DOMAIN ADMINS@DOLLARCORP.MONEYCORP.LOCAL","PrincipalType":"group","RightName":"Owner","AceType":""},{"PrincipalName":"DOMAIN ADMINS@DOLLARCORP.MONEYCORP.LOCAL","PrincipalType":"group","RightName":"GenericAll","AceType":""},{"PrincipalName":"ACCOUNT OPERATORS@DOLLARCORP.MONEYCORP.LOCAL","PrincipalType":"group","RightName":"GenericAll","AceType":""},{"PrincipalName":"ADMINISTRATORS@DOLLARCORP.MONEYCORP.LOCAL","PrincipalType":"group","RightName":"GenericWrite","AceType":""},{"PrincipalName":"ADMINISTRATORS@DOLLARCORP.MONEYCORP.LOCAL","PrincipalType":"group","RightName":"WriteOwner","AceType":""},{"PrincipalName":"ADMINISTRATORS@DOLLARCORP.MONEYCORP.LOCAL","PrincipalType":"group","RightName":"WriteDacl","AceType":""}],"AllowedToDelegate":[]},{"Properties":{"domain":"DOLLARCORP.MONEYCORP.LOCAL","objectsid":"S-1-5-21-1874506631-3219952063-538504511-34636","highvalue":false,"enabled":true,"lastlogon":0,"pwdlastset":1581072170,"serviceprincipalnames":[],"hasspn":false,"displayname":"VPN142User","email":null,"title":null,"homedirectory":null,"description":null,"userpassword":null,"sensitive":false,"dontreqpreauth":true,"admincount":false},"Name":"VPN142USER@DOLLARCORP.MONEYCORP.LOCAL","PrimaryGroup":"DOMAIN USERS@DOLLARCORP.MONEYCORP.LOCAL","Aces":[{"PrincipalName":"DOMAIN ADMINS@DOLLARCORP.MONEYCORP.LOCAL","PrincipalType":"group","RightName":"Owner","AceType":""},{"PrincipalName":"DOMAIN ADMINS@DOLLARCORP.MONEYCORP.LOCAL","PrincipalType":"group","RightName":"GenericAll","AceType":""},{"PrincipalName":"ACCOUNT OPERATORS@DOLLARCORP.MONEYCORP.LOCAL","PrincipalType":"group","RightName":"GenericAll","AceType":""},{"PrincipalName":"ADMINISTRATORS@DOLLARCORP.MONEYCORP.LOCAL","PrincipalType":"group","RightName":"GenericWrite","AceType":""},{"PrincipalName":"ADMINISTRATORS@DOLLARCORP.MONEYCORP.LOCAL","PrincipalType":"group","RightName":"WriteOwner","AceType":""},{"PrincipalName":"ADMINISTRATORS@DOLLARCORP.MONEYCORP.LOCAL","PrincipalType":"group","RightName":"WriteDacl","AceType":""}],"AllowedToDelegate":[]},{"Properties":{"domain":"DOLLARCORP.MONEYCORP.LOCAL","objectsid":"S-1-5-21-1874506631-3219952063-538504511-1136","highvalue":false,"enabled":true,"lastlogon":1588367354,"pwdlastset":1550419342,"serviceprincipalnames":[],"hasspn":false,"displayname":"sql1 admin","email":null,"title":null,"homedirectory":null,"description":null,"userpassword":null,"sensitive":false,"dontreqpreauth":false,"admincount":false},"Name":"SQL1ADMIN@DOLLARCORP.MONEYCORP.LOCAL","PrimaryGroup":"DOMAIN USERS@DOLLARCORP.MONEYCORP.LOCAL","Aces":[{"PrincipalName":"DOMAIN ADMINS@DOLLARCORP.MONEYCORP.LOCAL","PrincipalType":"group","RightName":"Owner","AceType":""},{"PrincipalName":"DOMAIN ADMINS@DOLLARCORP.MONEYCORP.LOCAL","PrincipalType":"group","RightName":"GenericAll","AceType":""},{"PrincipalName":"ACCOUNT OPERATORS@DOLLARCORP.MONEYCORP.LOCAL","PrincipalType":"group","RightName":"GenericAll","AceType":""},{"PrincipalName":"ADMINISTRATORS@DOLLARCORP.MONEYCORP.LOCAL","PrincipalType":"group","RightName":"GenericWrite","AceType":""},{"PrincipalName":"ADMINISTRATORS@DOLLARCORP.MONEYCORP.LOCAL","PrincipalType":"group","RightName":"WriteOwner","AceType":""},{"PrincipalName":"ADMINISTRATORS@DOLLARCORP.MONEYCORP.LOCAL","PrincipalType":"group","RightName":"WriteDacl","AceType":""}],"AllowedToDelegate":[]},{"Properties":{"domain":"DOLLARCORP.MONEYCORP.LOCAL","objectsid":"S-1-5-21-1874506631-3219952063-538504511-500","highvalue":false,"enabled":true,"lastlogon":1588407060,"pwdlastset":1550380451,"serviceprincipalnames":[],"hasspn":false,"displayname":null,"email":null,"title":null,"homedirectory":null,"description":"Built-in account for administering the computer/domain","userpassword":null,"sensitive":false,"dontreqpreauth":false,"admincount":true},"Name":"ADMINISTRATOR@DOLLARCORP.MONEYCORP.LOCAL","PrimaryGroup":"DOMAIN USERS@DOLLARCORP.MONEYCORP.LOCAL","Aces":[{"PrincipalName":"DOMAIN ADMINS@DOLLARCORP.MONEYCORP.LOCAL","PrincipalType":"group","RightName":"Owner","AceType":""},{"PrincipalName":"ENTERPRISE ADMINS@MONEYCORP.LOCAL","PrincipalType":"group","RightName":"GenericWrite","AceType":""},{"PrincipalName":"ENTERPRISE ADMINS@MONEYCORP.LOCAL","PrincipalType":"group","RightName":"WriteOwner","AceType":""},{"PrincipalName":"ENTERPRISE ADMINS@MONEYCORP.LOCAL","PrincipalType":"group","RightName":"WriteDacl","AceType":""},{"PrincipalName":"DOMAIN ADMINS@DOLLARCORP.MONEYCORP.LOCAL","PrincipalType":"group","RightName":"GenericWrite","AceType":""},{"PrincipalName":"DOMAIN ADMINS@DOLLARCORP.MONEYCORP.LOCAL","PrincipalType":"group","RightName":"WriteOwner","AceType":""},{"PrincipalName":"DOMAIN ADMINS@DOLLARCORP.MONEYCORP.LOCAL","PrincipalType":"group","RightName":"WriteDacl","AceType":""},{"PrincipalName":"ADMINISTRATORS@DOLLARCORP.MONEYCORP.LOCAL","PrincipalType":"group","RightName":"GenericWrite","AceType":""},{"PrincipalName":"ADMINISTRATORS@DOLLARCORP.MONEYCORP.LOCAL","PrincipalType":"group","RightName":"WriteOwner","AceType":""},{"PrincipalName":"ADMINISTRATORS@DOLLARCORP.MONEYCORP.LOCAL","PrincipalType":"group","RightName":"WriteDacl","AceType":""}],"AllowedToDelegate":[]},{"Properties":{"domain":"DOLLARCORP.MONEYCORP.LOCAL","objectsid":"S-1-5-21-1874506631-3219952063-538504511-1131","highvalue":false,"enabled":true,"lastlogon":1584958595,"pwdlastset":1550416708,"serviceprincipalnames":[],"hasspn":false,"displayname":"studentadmin","email":null,"title":null,"homedirectory":null,"description":null,"userpassword":null,"sensitive":false,"dontreqpreauth":false,"admincount":false},"Name":"STUDENTADMIN@DOLLARCORP.MONEYCORP.LOCAL","PrimaryGroup":"DOMAIN USERS@DOLLARCORP.MONEYCORP.LOCAL","Aces":[{"PrincipalName":"DOMAIN ADMINS@DOLLARCORP.MONEYCORP.LOCAL","PrincipalType":"group","RightName":"Owner","AceType":""},{"PrincipalName":"DOMAIN ADMINS@DOLLARCORP.MONEYCORP.LOCAL","PrincipalType":"group","RightName":"GenericAll","AceType":""},{"PrincipalName":"ACCOUNT OPERATORS@DOLLARCORP.MONEYCORP.LOCAL","PrincipalType":"group","RightName":"GenericAll","AceType":""},{"PrincipalName":"ADMINISTRATORS@DOLLARCORP.MONEYCORP.LOCAL","PrincipalType":"group","RightName":"GenericWrite","AceType":""},{"PrincipalName":"ADMINISTRATORS@DOLLARCORP.MONEYCORP.LOCAL","PrincipalType":"group","RightName":"WriteOwner","AceType":""},{"PrincipalName":"ADMINISTRATORS@DOLLARCORP.MONEYCORP.LOCAL","PrincipalType":"group","RightName":"WriteDacl","AceType":""}],"AllowedToDelegate":[]}],"meta":{"count":62,"type":"users"}}