﻿{"groups":[{"Properties":{"highvalue":true,"domain":"DOLLARCORP.MONEYCORP.LOCAL","objectsid":"S-1-5-32-544","admincount":true,"description":"Administrators have complete and unrestricted access to the computer/domain"},"Name":"ADMINISTRATORS@DOLLARCORP.MONEYCORP.LOCAL","Aces":[{"PrincipalName":"DOMAIN ADMINS@DOLLARCORP.MONEYCORP.LOCAL","PrincipalType":"group","RightName":"Owner","AceType":""},{"PrincipalName":"DOMAIN ADMINS@DOLLARCORP.MONEYCORP.LOCAL","PrincipalType":"group","RightName":"GenericWrite","AceType":""},{"PrincipalName":"DOMAIN ADMINS@DOLLARCORP.MONEYCORP.LOCAL","PrincipalType":"group","RightName":"WriteOwner","AceType":""},{"PrincipalName":"DOMAIN ADMINS@DOLLARCORP.MONEYCORP.LOCAL","PrincipalType":"group","RightName":"WriteDacl","AceType":""},{"PrincipalName":"ADMINISTRATORS@DOLLARCORP.MONEYCORP.LOCAL","PrincipalType":"group","RightName":"GenericWrite","AceType":""},{"PrincipalName":"ADMINISTRATORS@DOLLARCORP.MONEYCORP.LOCAL","PrincipalType":"group","RightName":"WriteOwner","AceType":""},{"PrincipalName":"ADMINISTRATORS@DOLLARCORP.MONEYCORP.LOCAL","PrincipalType":"group","RightName":"WriteDacl","AceType":""}],"Members":[{"MemberName":"ENTERPRISE ADMINS@MONEYCORP.LOCAL","MemberType":"group"},{"MemberName":"DOMAIN ADMINS@DOLLARCORP.MONEYCORP.LOCAL","MemberType":"group"},{"MemberName":"ADMINISTRATOR@DOLLARCORP.MONEYCORP.LOCAL","MemberType":"user"}]},{"Properties":{"highvalue":true,"domain":"DOLLARCORP.MONEYCORP.LOCAL","objectsid":"S-1-5-32-550","admincount":true,"description":"Members can administer printers installed on domain controllers"},"Name":"PRINT OPERATORS@DOLLARCORP.MONEYCORP.LOCAL","Aces":[{"PrincipalName":"DOMAIN ADMINS@DOLLARCORP.MONEYCORP.LOCAL","PrincipalType":"group","RightName":"Owner","AceType":""},{"PrincipalName":"DOMAIN ADMINS@DOLLARCORP.MONEYCORP.LOCAL","PrincipalType":"group","RightName":"GenericWrite","AceType":""},{"PrincipalName":"DOMAIN ADMINS@DOLLARCORP.MONEYCORP.LOCAL","PrincipalType":"group","RightName":"WriteOwner","AceType":""},{"PrincipalName":"DOMAIN ADMINS@DOLLARCORP.MONEYCORP.LOCAL","PrincipalType":"group","RightName":"WriteDacl","AceType":""},{"PrincipalName":"ADMINISTRATORS@DOLLARCORP.MONEYCORP.LOCAL","PrincipalType":"group","RightName":"GenericWrite","AceType":""},{"PrincipalName":"ADMINISTRATORS@DOLLARCORP.MONEYCORP.LOCAL","PrincipalType":"group","RightName":"WriteOwner","AceType":""},{"PrincipalName":"ADMINISTRATORS@DOLLARCORP.MONEYCORP.LOCAL","PrincipalType":"group","RightName":"WriteDacl","AceType":""}],"Members":[]},{"Properties":{"highvalue":false,"domain":"DOLLARCORP.MONEYCORP.LOCAL","objectsid":"S-1-5-32-552","admincount":true,"description":"Supports file replication in a domain"},"Name":"REPLICATOR@DOLLARCORP.MONEYCORP.LOCAL","Aces":[{"PrincipalName":"DOMAIN ADMINS@DOLLARCORP.MONEYCORP.LOCAL","PrincipalType":"group","RightName":"Owner","AceType":""},{"PrincipalName":"DOMAIN ADMINS@DOLLARCORP.MONEYCORP.LOCAL","PrincipalType":"group","RightName":"GenericWrite","AceType":""},{"PrincipalName":"DOMAIN ADMINS@DOLLARCORP.MONEYCORP.LOCAL","PrincipalType":"group","RightName":"WriteOwner","AceType":""},{"PrincipalName":"DOMAIN ADMINS@DOLLARCORP.MONEYCORP.LOCAL","PrincipalType":"group","RightName":"WriteDacl","AceType":""},{"PrincipalName":"ADMINISTRATORS@DOLLARCORP.MONEYCORP.LOCAL","PrincipalType":"group","RightName":"GenericWrite","AceType":""},{"PrincipalName":"ADMINISTRATORS@DOLLARCORP.MONEYCORP.LOCAL","PrincipalType":"group","RightName":"WriteOwner","AceType":""},{"PrincipalName":"ADMINISTRATORS@DOLLARCORP.MONEYCORP.LOCAL","PrincipalType":"group","RightName":"WriteDacl","AceType":""}],"Members":[]},{"Properties":{"highvalue":true,"domain":"DOLLARCORP.MONEYCORP.LOCAL","objectsid":"S-1-5-32-551","admincount":true,"description":"Backup Operators can override security restrictions for the sole purpose of backing up or restoring files"},"Name":"BACKUP OPERATORS@DOLLARCORP.MONEYCORP.LOCAL","Aces":[{"PrincipalName":"DOMAIN ADMINS@DOLLARCORP.MONEYCORP.LOCAL","PrincipalType":"group","RightName":"Owner","AceType":""},{"PrincipalName":"DOMAIN ADMINS@DOLLARCORP.MONEYCORP.LOCAL","PrincipalType":"group","RightName":"GenericWrite","AceType":""},{"PrincipalName":"DOMAIN ADMINS@DOLLARCORP.MONEYCORP.LOCAL","PrincipalType":"group","RightName":"WriteOwner","AceType":""},{"PrincipalName":"DOMAIN ADMINS@DOLLARCORP.MONEYCORP.LOCAL","PrincipalType":"group","RightName":"WriteDacl","AceType":""},{"PrincipalName":"ADMINISTRATORS@DOLLARCORP.MONEYCORP.LOCAL","PrincipalType":"group","RightName":"GenericWrite","AceType":""},{"PrincipalName":"ADMINISTRATORS@DOLLARCORP.MONEYCORP.LOCAL","PrincipalType":"group","RightName":"WriteOwner","AceType":""},{"PrincipalName":"ADMINISTRATORS@DOLLARCORP.MONEYCORP.LOCAL","PrincipalType":"group","RightName":"WriteDacl","AceType":""}],"Members":[]},{"Properties":{"highvalue":false,"domain":"DOLLARCORP.MONEYCORP.LOCAL","objectsid":"S-1-5-32-545","admincount":false,"description":"Users are prevented from making accidental or intentional system-wide changes and can run most applications"},"Name":"USERS@DOLLARCORP.MONEYCORP.LOCAL","Aces":[{"PrincipalName":"ADMINISTRATORS@DOLLARCORP.MONEYCORP.LOCAL","PrincipalType":"group","RightName":"Owner","AceType":""},{"PrincipalName":"DOMAIN ADMINS@DOLLARCORP.MONEYCORP.LOCAL","PrincipalType":"group","RightName":"GenericAll","AceType":""},{"PrincipalName":"ACCOUNT OPERATORS@DOLLARCORP.MONEYCORP.LOCAL","PrincipalType":"group","RightName":"GenericAll","AceType":""},{"PrincipalName":"ADMINISTRATORS@DOLLARCORP.MONEYCORP.LOCAL","PrincipalType":"group","RightName":"GenericWrite","AceType":""},{"PrincipalName":"ADMINISTRATORS@DOLLARCORP.MONEYCORP.LOCAL","PrincipalType":"group","RightName":"WriteOwner","AceType":""},{"PrincipalName":"ADMINISTRATORS@DOLLARCORP.MONEYCORP.LOCAL","PrincipalType":"group","RightName":"WriteDacl","AceType":""}],"Members":[{"MemberName":"DOMAIN USERS@DOLLARCORP.MONEYCORP.LOCAL","MemberType":"group"},{"MemberName":"AUTHENTICATED USERS@DOLLARCORP.MONEYCORP.LOCAL","MemberType":"group"},{"MemberName":"INTERACTIVE@DOLLARCORP.MONEYCORP.LOCAL","MemberType":"group"}]},{"Properties":{"highvalue":false,"domain":"DOLLARCORP.MONEYCORP.LOCAL","objectsid":"S-1-5-32-568","admincount":false,"description":"Built-in group used by Internet Information Services."},"Name":"IIS_IUSRS@DOLLARCORP.MONEYCORP.LOCAL","Aces":[{"PrincipalName":"ADMINISTRATORS@DOLLARCORP.MONEYCORP.LOCAL","PrincipalType":"group","RightName":"Owner","AceType":""},{"PrincipalName":"DOMAIN ADMINS@DOLLARCORP.MONEYCORP.LOCAL","PrincipalType":"group","RightName":"GenericAll","AceType":""},{"PrincipalName":"ACCOUNT OPERATORS@DOLLARCORP.MONEYCORP.LOCAL","PrincipalType":"group","RightName":"GenericAll","AceType":""},{"PrincipalName":"ADMINISTRATORS@DOLLARCORP.MONEYCORP.LOCAL","PrincipalType":"group","RightName":"GenericWrite","AceType":""},{"PrincipalName":"ADMINISTRATORS@DOLLARCORP.MONEYCORP.LOCAL","PrincipalType":"group","RightName":"WriteOwner","AceType":""},{"PrincipalName":"ADMINISTRATORS@DOLLARCORP.MONEYCORP.LOCAL","PrincipalType":"group","RightName":"WriteDacl","AceType":""}],"Members":[{"MemberName":"THIS ORGANIZATION @DOLLARCORP.MONEYCORP.LOCAL","MemberType":"group"}]},{"Properties":{"highvalue":false,"domain":"DOLLARCORP.MONEYCORP.LOCAL","objectsid":"S-1-5-32-555","admincount":false,"description":"Members in this group are granted the right to logon remotely"},"Name":"REMOTE DESKTOP USERS@DOLLARCORP.MONEYCORP.LOCAL","Aces":[{"PrincipalName":"ADMINISTRATORS@DOLLARCORP.MONEYCORP.LOCAL","PrincipalType":"group","RightName":"Owner","AceType":""},{"PrincipalName":"DOMAIN ADMINS@DOLLARCORP.MONEYCORP.LOCAL","PrincipalType":"group","RightName":"GenericAll","AceType":""},{"PrincipalName":"ACCOUNT OPERATORS@DOLLARCORP.MONEYCORP.LOCAL","PrincipalType":"group","RightName":"GenericAll","AceType":""},{"PrincipalName":"ADMINISTRATORS@DOLLARCORP.MONEYCORP.LOCAL","PrincipalType":"group","RightName":"GenericWrite","AceType":""},{"PrincipalName":"ADMINISTRATORS@DOLLARCORP.MONEYCORP.LOCAL","PrincipalType":"group","RightName":"WriteOwner","AceType":""},{"PrincipalName":"ADMINISTRATORS@DOLLARCORP.MONEYCORP.LOCAL","PrincipalType":"group","RightName":"WriteDacl","AceType":""}],"Members":[]},{"Properties":{"highvalue":false,"domain":"DOLLARCORP.MONEYCORP.LOCAL","objectsid":"S-1-5-32-556","admincount":false,"description":"Members in this group can have some administrative privileges to manage configuration of networking features"},"Name":"NETWORK CONFIGURATION OPERATORS@DOLLARCORP.MONEYCORP.LOCAL","Aces":[{"PrincipalName":"ADMINISTRATORS@DOLLARCORP.MONEYCORP.LOCAL","PrincipalType":"group","RightName":"Owner","AceType":""},{"PrincipalName":"DOMAIN ADMINS@DOLLARCORP.MONEYCORP.LOCAL","PrincipalType":"group","RightName":"GenericAll","AceType":""},{"PrincipalName":"ACCOUNT OPERATORS@DOLLARCORP.MONEYCORP.LOCAL","PrincipalType":"group","RightName":"GenericAll","AceType":""},{"PrincipalName":"ADMINISTRATORS@DOLLARCORP.MONEYCORP.LOCAL","PrincipalType":"group","RightName":"GenericWrite","AceType":""},{"PrincipalName":"ADMINISTRATORS@DOLLARCORP.MONEYCORP.LOCAL","PrincipalType":"group","RightName":"WriteOwner","AceType":""},{"PrincipalName":"ADMINISTRATORS@DOLLARCORP.MONEYCORP.LOCAL","PrincipalType":"group","RightName":"WriteDacl","AceType":""}],"Members":[]},{"Properties":{"highvalue":false,"domain":"DOLLARCORP.MONEYCORP.LOCAL","objectsid":"S-1-5-32-573","admincount":false,"description":"Members of this group can read event logs from local machine"},"Name":"EVENT LOG READERS@DOLLARCORP.MONEYCORP.LOCAL","Aces":[{"PrincipalName":"ADMINISTRATORS@DOLLARCORP.MONEYCORP.LOCAL","PrincipalType":"group","RightName":"Owner","AceType":""},{"PrincipalName":"DOMAIN ADMINS@DOLLARCORP.MONEYCORP.LOCAL","PrincipalType":"group","RightName":"GenericAll","AceType":""},{"PrincipalName":"ACCOUNT OPERATORS@DOLLARCORP.MONEYCORP.LOCAL","PrincipalType":"group","RightName":"GenericAll","AceType":""},{"PrincipalName":"ADMINISTRATORS@DOLLARCORP.MONEYCORP.LOCAL","PrincipalType":"group","RightName":"GenericWrite","AceType":""},{"PrincipalName":"ADMINISTRATORS@DOLLARCORP.MONEYCORP.LOCAL","PrincipalType":"group","RightName":"WriteOwner","AceType":""},{"PrincipalName":"ADMINISTRATORS@DOLLARCORP.MONEYCORP.LOCAL","PrincipalType":"group","RightName":"WriteDacl","AceType":""}],"Members":[]},{"Properties":{"highvalue":false,"domain":"DOLLARCORP.MONEYCORP.LOCAL","objectsid":"S-1-5-32-569","admincount":false,"description":"Members are authorized to perform cryptographic operations."},"Name":"CRYPTOGRAPHIC OPERATORS@DOLLARCORP.MONEYCORP.LOCAL","Aces":[{"PrincipalName":"ADMINISTRATORS@DOLLARCORP.MONEYCORP.LOCAL","PrincipalType":"group","RightName":"Owner","AceType":""},{"PrincipalName":"DOMAIN ADMINS@DOLLARCORP.MONEYCORP.LOCAL","PrincipalType":"group","RightName":"GenericAll","AceType":""},{"PrincipalName":"ACCOUNT OPERATORS@DOLLARCORP.MONEYCORP.LOCAL","PrincipalType":"group","RightName":"GenericAll","AceType":""},{"PrincipalName":"ADMINISTRATORS@DOLLARCORP.MONEYCORP.LOCAL","PrincipalType":"group","RightName":"GenericWrite","AceType":""},{"PrincipalName":"ADMINISTRATORS@DOLLARCORP.MONEYCORP.LOCAL","PrincipalType":"group","RightName":"WriteOwner","AceType":""},{"PrincipalName":"ADMINISTRATORS@DOLLARCORP.MONEYCORP.LOCAL","PrincipalType":"group","RightName":"WriteDacl","AceType":""}],"Members":[]},{"Properties":{"highvalue":false,"domain":"DOLLARCORP.MONEYCORP.LOCAL","objectsid":"S-1-5-32-546","admincount":false,"description":"Guests have the same access as members of the Users group by default, except for the Guest account which is further restricted"},"Name":"GUESTS@DOLLARCORP.MONEYCORP.LOCAL","Aces":[{"PrincipalName":"ADMINISTRATORS@DOLLARCORP.MONEYCORP.LOCAL","PrincipalType":"group","RightName":"Owner","AceType":""},{"PrincipalName":"DOMAIN ADMINS@DOLLARCORP.MONEYCORP.LOCAL","PrincipalType":"group","RightName":"GenericAll","AceType":""},{"PrincipalName":"ACCOUNT OPERATORS@DOLLARCORP.MONEYCORP.LOCAL","PrincipalType":"group","RightName":"GenericAll","AceType":""},{"PrincipalName":"ADMINISTRATORS@DOLLARCORP.MONEYCORP.LOCAL","PrincipalType":"group","RightName":"GenericWrite","AceType":""},{"PrincipalName":"ADMINISTRATORS@DOLLARCORP.MONEYCORP.LOCAL","PrincipalType":"group","RightName":"WriteOwner","AceType":""},{"PrincipalName":"ADMINISTRATORS@DOLLARCORP.MONEYCORP.LOCAL","PrincipalType":"group","RightName":"WriteDacl","AceType":""}],"Members":[{"MemberName":"DOMAIN GUESTS@DOLLARCORP.MONEYCORP.LOCAL","MemberType":"group"},{"MemberName":"GUEST@DOLLARCORP.MONEYCORP.LOCAL","MemberType":"user"}]},{"Properties":{"highvalue":false,"domain":"DOLLARCORP.MONEYCORP.LOCAL","objectsid":"S-1-5-32-562","admincount":false,"description":"Members are allowed to launch, activate and use Distributed COM objects on this machine."},"Name":"DISTRIBUTED COM USERS@DOLLARCORP.MONEYCORP.LOCAL","Aces":[{"PrincipalName":"ADMINISTRATORS@DOLLARCORP.MONEYCORP.LOCAL","PrincipalType":"group","RightName":"Owner","AceType":""},{"PrincipalName":"DOMAIN ADMINS@DOLLARCORP.MONEYCORP.LOCAL","PrincipalType":"group","RightName":"GenericAll","AceType":""},{"PrincipalName":"ACCOUNT OPERATORS@DOLLARCORP.MONEYCORP.LOCAL","PrincipalType":"group","RightName":"GenericAll","AceType":""},{"PrincipalName":"ADMINISTRATORS@DOLLARCORP.MONEYCORP.LOCAL","PrincipalType":"group","RightName":"GenericWrite","AceType":""},{"PrincipalName":"ADMINISTRATORS@DOLLARCORP.MONEYCORP.LOCAL","PrincipalType":"group","RightName":"WriteOwner","AceType":""},{"PrincipalName":"ADMINISTRATORS@DOLLARCORP.MONEYCORP.LOCAL","PrincipalType":"group","RightName":"WriteDacl","AceType":""}],"Members":[]},{"Properties":{"highvalue":false,"domain":"DOLLARCORP.MONEYCORP.LOCAL","objectsid":"S-1-5-32-559","admincount":false,"description":"Members of this group may schedule logging of performance counters, enable trace providers, and collect event traces both locally and via remote access to this computer"},"Name":"PERFORMANCE LOG USERS@DOLLARCORP.MONEYCORP.LOCAL","Aces":[{"PrincipalName":"ADMINISTRATORS@DOLLARCORP.MONEYCORP.LOCAL","PrincipalType":"group","RightName":"Owner","AceType":""},{"PrincipalName":"DOMAIN ADMINS@DOLLARCORP.MONEYCORP.LOCAL","PrincipalType":"group","RightName":"GenericAll","AceType":""},{"PrincipalName":"ACCOUNT OPERATORS@DOLLARCORP.MONEYCORP.LOCAL","PrincipalType":"group","RightName":"GenericAll","AceType":""},{"PrincipalName":"ADMINISTRATORS@DOLLARCORP.MONEYCORP.LOCAL","PrincipalType":"group","RightName":"GenericWrite","AceType":""},{"PrincipalName":"ADMINISTRATORS@DOLLARCORP.MONEYCORP.LOCAL","PrincipalType":"group","RightName":"WriteOwner","AceType":""},{"PrincipalName":"ADMINISTRATORS@DOLLARCORP.MONEYCORP.LOCAL","PrincipalType":"group","RightName":"WriteDacl","AceType":""}],"Members":[]},{"Properties":{"highvalue":false,"domain":"DOLLARCORP.MONEYCORP.LOCAL","objectsid":"S-1-5-32-558","admincount":false,"description":"Members of this group can access performance counter data locally and remotely"},"Name":"PERFORMANCE MONITOR USERS@DOLLARCORP.MONEYCORP.LOCAL","Aces":[{"PrincipalName":"ADMINISTRATORS@DOLLARCORP.MONEYCORP.LOCAL","PrincipalType":"group","RightName":"Owner","AceType":""},{"PrincipalName":"DOMAIN ADMINS@DOLLARCORP.MONEYCORP.LOCAL","PrincipalType":"group","RightName":"GenericAll","AceType":""},{"PrincipalName":"ACCOUNT OPERATORS@DOLLARCORP.MONEYCORP.LOCAL","PrincipalType":"group","RightName":"GenericAll","AceType":""},{"PrincipalName":"ADMINISTRATORS@DOLLARCORP.MONEYCORP.LOCAL","PrincipalType":"group","RightName":"GenericWrite","AceType":""},{"PrincipalName":"ADMINISTRATORS@DOLLARCORP.MONEYCORP.LOCAL","PrincipalType":"group","RightName":"WriteOwner","AceType":""},{"PrincipalName":"ADMINISTRATORS@DOLLARCORP.MONEYCORP.LOCAL","PrincipalType":"group","RightName":"WriteDacl","AceType":""}],"Members":[]},{"Properties":{"highvalue":false,"domain":"DOLLARCORP.MONEYCORP.LOCAL","objectsid":"S-1-5-32-574","admincount":false,"description":"Members of this group are allowed to connect to Certification Authorities in the enterprise"},"Name":"CERTIFICATE SERVICE DCOM ACCESS@DOLLARCORP.MONEYCORP.LOCAL","Aces":[{"PrincipalName":"ADMINISTRATORS@DOLLARCORP.MONEYCORP.LOCAL","PrincipalType":"group","RightName":"Owner","AceType":""},{"PrincipalName":"DOMAIN ADMINS@DOLLARCORP.MONEYCORP.LOCAL","PrincipalType":"group","RightName":"GenericAll","AceType":""},{"PrincipalName":"ACCOUNT OPERATORS@DOLLARCORP.MONEYCORP.LOCAL","PrincipalType":"group","RightName":"GenericAll","AceType":""},{"PrincipalName":"ADMINISTRATORS@DOLLARCORP.MONEYCORP.LOCAL","PrincipalType":"group","RightName":"GenericWrite","AceType":""},{"PrincipalName":"ADMINISTRATORS@DOLLARCORP.MONEYCORP.LOCAL","PrincipalType":"group","RightName":"WriteOwner","AceType":""},{"PrincipalName":"ADMINISTRATORS@DOLLARCORP.MONEYCORP.LOCAL","PrincipalType":"group","RightName":"WriteDacl","AceType":""}],"Members":[]},{"Properties":{"highvalue":false,"domain":"DOLLARCORP.MONEYCORP.LOCAL","objectsid":"S-1-5-32-575","admincount":false,"description":"Servers in this group enable users of RemoteApp programs and personal virtual desktops access to these resources. In Internet-facing deployments, these servers are typically deployed in an edge network. This group needs to be populated on servers running RD Connection Broker. RD Gateway servers and RD Web Access servers used in the deployment need to be in this group."},"Name":"RDS REMOTE ACCESS SERVERS@DOLLARCORP.MONEYCORP.LOCAL","Aces":[{"PrincipalName":"ADMINISTRATORS@DOLLARCORP.MONEYCORP.LOCAL","PrincipalType":"group","RightName":"Owner","AceType":""},{"PrincipalName":"DOMAIN ADMINS@DOLLARCORP.MONEYCORP.LOCAL","PrincipalType":"group","RightName":"GenericAll","AceType":""},{"PrincipalName":"ACCOUNT OPERATORS@DOLLARCORP.MONEYCORP.LOCAL","PrincipalType":"group","RightName":"GenericAll","AceType":""},{"PrincipalName":"ADMINISTRATORS@DOLLARCORP.MONEYCORP.LOCAL","PrincipalType":"group","RightName":"GenericWrite","AceType":""},{"PrincipalName":"ADMINISTRATORS@DOLLARCORP.MONEYCORP.LOCAL","PrincipalType":"group","RightName":"WriteOwner","AceType":""},{"PrincipalName":"ADMINISTRATORS@DOLLARCORP.MONEYCORP.LOCAL","PrincipalType":"group","RightName":"WriteDacl","AceType":""}],"Members":[]},{"Properties":{"highvalue":false,"domain":"DOLLARCORP.MONEYCORP.LOCAL","objectsid":"S-1-5-32-578","admincount":false,"description":"Members of this group have complete and unrestricted access to all features of Hyper-V."},"Name":"HYPER-V ADMINISTRATORS@DOLLARCORP.MONEYCORP.LOCAL","Aces":[{"PrincipalName":"ADMINISTRATORS@DOLLARCORP.MONEYCORP.LOCAL","PrincipalType":"group","RightName":"Owner","AceType":""},{"PrincipalName":"DOMAIN ADMINS@DOLLARCORP.MONEYCORP.LOCAL","PrincipalType":"group","RightName":"GenericAll","AceType":""},{"PrincipalName":"ACCOUNT OPERATORS@DOLLARCORP.MONEYCORP.LOCAL","PrincipalType":"group","RightName":"GenericAll","AceType":""},{"PrincipalName":"ADMINISTRATORS@DOLLARCORP.MONEYCORP.LOCAL","PrincipalType":"group","RightName":"GenericWrite","AceType":""},{"PrincipalName":"ADMINISTRATORS@DOLLARCORP.MONEYCORP.LOCAL","PrincipalType":"group","RightName":"WriteOwner","AceType":""},{"PrincipalName":"ADMINISTRATORS@DOLLARCORP.MONEYCORP.LOCAL","PrincipalType":"group","RightName":"WriteDacl","AceType":""}],"Members":[]},{"Properties":{"highvalue":false,"domain":"DOLLARCORP.MONEYCORP.LOCAL","objectsid":"S-1-5-32-576","admincount":false,"description":"Servers in this group run virtual machines and host sessions where users RemoteApp programs and personal virtual desktops run. This group needs to be populated on servers running RD Connection Broker. RD Session Host servers and RD Virtualization Host servers used in the deployment need to be in this group."},"Name":"RDS ENDPOINT SERVERS@DOLLARCORP.MONEYCORP.LOCAL","Aces":[{"PrincipalName":"ADMINISTRATORS@DOLLARCORP.MONEYCORP.LOCAL","PrincipalType":"group","RightName":"Owner","AceType":""},{"PrincipalName":"DOMAIN ADMINS@DOLLARCORP.MONEYCORP.LOCAL","PrincipalType":"group","RightName":"GenericAll","AceType":""},{"PrincipalName":"ACCOUNT OPERATORS@DOLLARCORP.MONEYCORP.LOCAL","PrincipalType":"group","RightName":"GenericAll","AceType":""},{"PrincipalName":"ADMINISTRATORS@DOLLARCORP.MONEYCORP.LOCAL","PrincipalType":"group","RightName":"GenericWrite","AceType":""},{"PrincipalName":"ADMINISTRATORS@DOLLARCORP.MONEYCORP.LOCAL","PrincipalType":"group","RightName":"WriteOwner","AceType":""},{"PrincipalName":"ADMINISTRATORS@DOLLARCORP.MONEYCORP.LOCAL","PrincipalType":"group","RightName":"WriteDacl","AceType":""}],"Members":[]},{"Properties":{"highvalue":true,"domain":"DOLLARCORP.MONEYCORP.LOCAL","objectsid":"S-1-5-32-549","admincount":true,"description":"Members can administer domain servers"},"Name":"SERVER OPERATORS@DOLLARCORP.MONEYCORP.LOCAL","Aces":[{"PrincipalName":"DOMAIN ADMINS@DOLLARCORP.MONEYCORP.LOCAL","PrincipalType":"group","RightName":"Owner","AceType":""},{"PrincipalName":"DOMAIN ADMINS@DOLLARCORP.MONEYCORP.LOCAL","PrincipalType":"group","RightName":"GenericWrite","AceType":""},{"PrincipalName":"DOMAIN ADMINS@DOLLARCORP.MONEYCORP.LOCAL","PrincipalType":"group","RightName":"WriteOwner","AceType":""},{"PrincipalName":"DOMAIN ADMINS@DOLLARCORP.MONEYCORP.LOCAL","PrincipalType":"group","RightName":"WriteDacl","AceType":""},{"PrincipalName":"ADMINISTRATORS@DOLLARCORP.MONEYCORP.LOCAL","PrincipalType":"group","RightName":"GenericWrite","AceType":""},{"PrincipalName":"ADMINISTRATORS@DOLLARCORP.MONEYCORP.LOCAL","PrincipalType":"group","RightName":"WriteOwner","AceType":""},{"PrincipalName":"ADMINISTRATORS@DOLLARCORP.MONEYCORP.LOCAL","PrincipalType":"group","RightName":"WriteDacl","AceType":""}],"Members":[]},{"Properties":{"highvalue":false,"domain":"DOLLARCORP.MONEYCORP.LOCAL","objectsid":"S-1-5-32-580","admincount":false,"description":"Members of this group can access WMI resources over management protocols (such as WS-Management via the Windows Remote Management service). This applies only to WMI namespaces that grant access to the user."},"Name":"REMOTE MANAGEMENT USERS@DOLLARCORP.MONEYCORP.LOCAL","Aces":[{"PrincipalName":"ADMINISTRATORS@DOLLARCORP.MONEYCORP.LOCAL","PrincipalType":"group","RightName":"Owner","AceType":""},{"PrincipalName":"DOMAIN ADMINS@DOLLARCORP.MONEYCORP.LOCAL","PrincipalType":"group","RightName":"GenericAll","AceType":""},{"PrincipalName":"ACCOUNT OPERATORS@DOLLARCORP.MONEYCORP.LOCAL","PrincipalType":"group","RightName":"GenericAll","AceType":""},{"PrincipalName":"ADMINISTRATORS@DOLLARCORP.MONEYCORP.LOCAL","PrincipalType":"group","RightName":"GenericWrite","AceType":""},{"PrincipalName":"ADMINISTRATORS@DOLLARCORP.MONEYCORP.LOCAL","PrincipalType":"group","RightName":"WriteOwner","AceType":""},{"PrincipalName":"ADMINISTRATORS@DOLLARCORP.MONEYCORP.LOCAL","PrincipalType":"group","RightName":"WriteDacl","AceType":""}],"Members":[]},{"Properties":{"highvalue":false,"domain":"DOLLARCORP.MONEYCORP.LOCAL","objectsid":"S-1-5-32-582","admincount":false,"description":"Members of this group have complete and unrestricted access to all features of Storage Replica."},"Name":"STORAGE REPLICA ADMINISTRATORS@DOLLARCORP.MONEYCORP.LOCAL","Aces":[{"PrincipalName":"ADMINISTRATORS@DOLLARCORP.MONEYCORP.LOCAL","PrincipalType":"group","RightName":"Owner","AceType":""},{"PrincipalName":"DOMAIN ADMINS@DOLLARCORP.MONEYCORP.LOCAL","PrincipalType":"group","RightName":"GenericAll","AceType":""},{"PrincipalName":"ACCOUNT OPERATORS@DOLLARCORP.MONEYCORP.LOCAL","PrincipalType":"group","RightName":"GenericAll","AceType":""},{"PrincipalName":"ADMINISTRATORS@DOLLARCORP.MONEYCORP.LOCAL","PrincipalType":"group","RightName":"GenericWrite","AceType":""},{"PrincipalName":"ADMINISTRATORS@DOLLARCORP.MONEYCORP.LOCAL","PrincipalType":"group","RightName":"WriteOwner","AceType":""},{"PrincipalName":"ADMINISTRATORS@DOLLARCORP.MONEYCORP.LOCAL","PrincipalType":"group","RightName":"WriteDacl","AceType":""}],"Members":[]},{"Properties":{"highvalue":false,"domain":"DOLLARCORP.MONEYCORP.LOCAL","objectsid":"S-1-5-32-579","admincount":false,"description":"Members of this group can remotely query authorization attributes and permissions for resources on this computer."},"Name":"ACCESS CONTROL ASSISTANCE OPERATORS@DOLLARCORP.MONEYCORP.LOCAL","Aces":[{"PrincipalName":"ADMINISTRATORS@DOLLARCORP.MONEYCORP.LOCAL","PrincipalType":"group","RightName":"Owner","AceType":""},{"PrincipalName":"DOMAIN ADMINS@DOLLARCORP.MONEYCORP.LOCAL","PrincipalType":"group","RightName":"GenericAll","AceType":""},{"PrincipalName":"ACCOUNT OPERATORS@DOLLARCORP.MONEYCORP.LOCAL","PrincipalType":"group","RightName":"GenericAll","AceType":""},{"PrincipalName":"ADMINISTRATORS@DOLLARCORP.MONEYCORP.LOCAL","PrincipalType":"group","RightName":"GenericWrite","AceType":""},{"PrincipalName":"ADMINISTRATORS@DOLLARCORP.MONEYCORP.LOCAL","PrincipalType":"group","RightName":"WriteOwner","AceType":""},{"PrincipalName":"ADMINISTRATORS@DOLLARCORP.MONEYCORP.LOCAL","PrincipalType":"group","RightName":"WriteDacl","AceType":""}],"Members":[]},{"Properties":{"highvalue":false,"domain":"DOLLARCORP.MONEYCORP.LOCAL","objectsid":"S-1-5-32-581","admincount":false,"description":"Members of this group are managed by the system."},"Name":"SYSTEM MANAGED ACCOUNTS GROUP@DOLLARCORP.MONEYCORP.LOCAL","Aces":[{"PrincipalName":"ADMINISTRATORS@DOLLARCORP.MONEYCORP.LOCAL","PrincipalType":"group","RightName":"Owner","AceType":""},{"PrincipalName":"DOMAIN ADMINS@DOLLARCORP.MONEYCORP.LOCAL","PrincipalType":"group","RightName":"GenericAll","AceType":""},{"PrincipalName":"ACCOUNT OPERATORS@DOLLARCORP.MONEYCORP.LOCAL","PrincipalType":"group","RightName":"GenericAll","AceType":""},{"PrincipalName":"ADMINISTRATORS@DOLLARCORP.MONEYCORP.LOCAL","PrincipalType":"group","RightName":"GenericWrite","AceType":""},{"PrincipalName":"ADMINISTRATORS@DOLLARCORP.MONEYCORP.LOCAL","PrincipalType":"group","RightName":"WriteOwner","AceType":""},{"PrincipalName":"ADMINISTRATORS@DOLLARCORP.MONEYCORP.LOCAL","PrincipalType":"group","RightName":"WriteDacl","AceType":""}],"Members":[{"MemberName":"DEFAULTACCOUNT@DOLLARCORP.MONEYCORP.LOCAL","MemberType":"user"}]},{"Properties":{"highvalue":false,"domain":"DOLLARCORP.MONEYCORP.LOCAL","objectsid":"S-1-5-32-577","admincount":false,"description":"Servers in this group can perform routine administrative actions on servers running Remote Desktop Services. This group needs to be populated on all servers in a Remote Desktop Services deployment. The servers running the RDS Central Management service must be included in this group."},"Name":"RDS MANAGEMENT SERVERS@DOLLARCORP.MONEYCORP.LOCAL","Aces":[{"PrincipalName":"ADMINISTRATORS@DOLLARCORP.MONEYCORP.LOCAL","PrincipalType":"group","RightName":"Owner","AceType":""},{"PrincipalName":"DOMAIN ADMINS@DOLLARCORP.MONEYCORP.LOCAL","PrincipalType":"group","RightName":"GenericAll","AceType":""},{"PrincipalName":"ACCOUNT OPERATORS@DOLLARCORP.MONEYCORP.LOCAL","PrincipalType":"group","RightName":"GenericAll","AceType":""},{"PrincipalName":"ADMINISTRATORS@DOLLARCORP.MONEYCORP.LOCAL","PrincipalType":"group","RightName":"GenericWrite","AceType":""},{"PrincipalName":"ADMINISTRATORS@DOLLARCORP.MONEYCORP.LOCAL","PrincipalType":"group","RightName":"WriteOwner","AceType":""},{"PrincipalName":"ADMINISTRATORS@DOLLARCORP.MONEYCORP.LOCAL","PrincipalType":"group","RightName":"WriteDacl","AceType":""}],"Members":[]},{"Properties":{"highvalue":false,"domain":"DOLLARCORP.MONEYCORP.LOCAL","objectsid":"S-1-5-21-1874506631-3219952063-538504511-517","admincount":false,"description":"Members of this group are permitted to publish certificates to the directory"},"Name":"CERT PUBLISHERS@DOLLARCORP.MONEYCORP.LOCAL","Aces":[{"PrincipalName":"DOMAIN ADMINS@DOLLARCORP.MONEYCORP.LOCAL","PrincipalType":"group","RightName":"Owner","AceType":""},{"PrincipalName":"DOMAIN ADMINS@DOLLARCORP.MONEYCORP.LOCAL","PrincipalType":"group","RightName":"GenericAll","AceType":""},{"PrincipalName":"ACCOUNT OPERATORS@DOLLARCORP.MONEYCORP.LOCAL","PrincipalType":"group","RightName":"GenericAll","AceType":""},{"PrincipalName":"ADMINISTRATORS@DOLLARCORP.MONEYCORP.LOCAL","PrincipalType":"group","RightName":"GenericWrite","AceType":""},{"PrincipalName":"ADMINISTRATORS@DOLLARCORP.MONEYCORP.LOCAL","PrincipalType":"group","RightName":"WriteOwner","AceType":""},{"PrincipalName":"ADMINISTRATORS@DOLLARCORP.MONEYCORP.LOCAL","PrincipalType":"group","RightName":"WriteDacl","AceType":""}],"Members":[]},{"Properties":{"highvalue":true,"domain":"DOLLARCORP.MONEYCORP.LOCAL","objectsid":"S-1-5-32-548","admincount":true,"description":"Members can administer domain user and group accounts"},"Name":"ACCOUNT OPERATORS@DOLLARCORP.MONEYCORP.LOCAL","Aces":[{"PrincipalName":"DOMAIN ADMINS@DOLLARCORP.MONEYCORP.LOCAL","PrincipalType":"group","RightName":"Owner","AceType":""},{"PrincipalName":"DOMAIN ADMINS@DOLLARCORP.MONEYCORP.LOCAL","PrincipalType":"group","RightName":"GenericWrite","AceType":""},{"PrincipalName":"DOMAIN ADMINS@DOLLARCORP.MONEYCORP.LOCAL","PrincipalType":"group","RightName":"WriteOwner","AceType":""},{"PrincipalName":"DOMAIN ADMINS@DOLLARCORP.MONEYCORP.LOCAL","PrincipalType":"group","RightName":"WriteDacl","AceType":""},{"PrincipalName":"ADMINISTRATORS@DOLLARCORP.MONEYCORP.LOCAL","PrincipalType":"group","RightName":"GenericWrite","AceType":""},{"PrincipalName":"ADMINISTRATORS@DOLLARCORP.MONEYCORP.LOCAL","PrincipalType":"group","RightName":"WriteOwner","AceType":""},{"PrincipalName":"ADMINISTRATORS@DOLLARCORP.MONEYCORP.LOCAL","PrincipalType":"group","RightName":"WriteDacl","AceType":""}],"Members":[]},{"Properties":{"highvalue":false,"domain":"DOLLARCORP.MONEYCORP.LOCAL","objectsid":"S-1-5-21-1874506631-3219952063-538504511-553","admincount":false,"description":"Servers in this group can access remote access properties of users"},"Name":"RAS AND IAS SERVERS@DOLLARCORP.MONEYCORP.LOCAL","Aces":[{"PrincipalName":"DOMAIN ADMINS@DOLLARCORP.MONEYCORP.LOCAL","PrincipalType":"group","RightName":"Owner","AceType":""},{"PrincipalName":"DOMAIN ADMINS@DOLLARCORP.MONEYCORP.LOCAL","PrincipalType":"group","RightName":"GenericAll","AceType":""},{"PrincipalName":"ACCOUNT OPERATORS@DOLLARCORP.MONEYCORP.LOCAL","PrincipalType":"group","RightName":"GenericAll","AceType":""},{"PrincipalName":"ADMINISTRATORS@DOLLARCORP.MONEYCORP.LOCAL","PrincipalType":"group","RightName":"GenericWrite","AceType":""},{"PrincipalName":"ADMINISTRATORS@DOLLARCORP.MONEYCORP.LOCAL","PrincipalType":"group","RightName":"WriteOwner","AceType":""},{"PrincipalName":"ADMINISTRATORS@DOLLARCORP.MONEYCORP.LOCAL","PrincipalType":"group","RightName":"WriteDacl","AceType":""}],"Members":[]},{"Properties":{"highvalue":true,"domain":"DOLLARCORP.MONEYCORP.LOCAL","objectsid":"S-1-5-21-1874506631-3219952063-538504511-516","admincount":true,"description":"All domain controllers in the domain"},"Name":"DOMAIN CONTROLLERS@DOLLARCORP.MONEYCORP.LOCAL","Aces":[{"PrincipalName":"DOMAIN ADMINS@DOLLARCORP.MONEYCORP.LOCAL","PrincipalType":"group","RightName":"Owner","AceType":""},{"PrincipalName":"DOMAIN ADMINS@DOLLARCORP.MONEYCORP.LOCAL","PrincipalType":"group","RightName":"GenericWrite","AceType":""},{"PrincipalName":"DOMAIN ADMINS@DOLLARCORP.MONEYCORP.LOCAL","PrincipalType":"group","RightName":"WriteOwner","AceType":""},{"PrincipalName":"DOMAIN ADMINS@DOLLARCORP.MONEYCORP.LOCAL","PrincipalType":"group","RightName":"WriteDacl","AceType":""},{"PrincipalName":"ADMINISTRATORS@DOLLARCORP.MONEYCORP.LOCAL","PrincipalType":"group","RightName":"GenericWrite","AceType":""},{"PrincipalName":"ADMINISTRATORS@DOLLARCORP.MONEYCORP.LOCAL","PrincipalType":"group","RightName":"WriteOwner","AceType":""},{"PrincipalName":"ADMINISTRATORS@DOLLARCORP.MONEYCORP.LOCAL","PrincipalType":"group","RightName":"WriteDacl","AceType":""}],"Members":[]},{"Properties":{"highvalue":true,"domain":"DOLLARCORP.MONEYCORP.LOCAL","objectsid":"S-1-5-21-1874506631-3219952063-538504511-512","admincount":true,"description":"Designated administrators of the domain"},"Name":"DOMAIN ADMINS@DOLLARCORP.MONEYCORP.LOCAL","Aces":[{"PrincipalName":"DOMAIN ADMINS@DOLLARCORP.MONEYCORP.LOCAL","PrincipalType":"group","RightName":"Owner","AceType":""},{"PrincipalName":"DOMAIN ADMINS@DOLLARCORP.MONEYCORP.LOCAL","PrincipalType":"group","RightName":"GenericWrite","AceType":""},{"PrincipalName":"DOMAIN ADMINS@DOLLARCORP.MONEYCORP.LOCAL","PrincipalType":"group","RightName":"WriteOwner","AceType":""},{"PrincipalName":"DOMAIN ADMINS@DOLLARCORP.MONEYCORP.LOCAL","PrincipalType":"group","RightName":"WriteDacl","AceType":""},{"PrincipalName":"ADMINISTRATORS@DOLLARCORP.MONEYCORP.LOCAL","PrincipalType":"group","RightName":"GenericWrite","AceType":""},{"PrincipalName":"ADMINISTRATORS@DOLLARCORP.MONEYCORP.LOCAL","PrincipalType":"group","RightName":"WriteOwner","AceType":""},{"PrincipalName":"ADMINISTRATORS@DOLLARCORP.MONEYCORP.LOCAL","PrincipalType":"group","RightName":"WriteDacl","AceType":""}],"Members":[{"MemberName":"SVCADMIN@DOLLARCORP.MONEYCORP.LOCAL","MemberType":"user"},{"MemberName":"ADMINISTRATOR@DOLLARCORP.MONEYCORP.LOCAL","MemberType":"user"}]},{"Properties":{"highvalue":false,"domain":"DOLLARCORP.MONEYCORP.LOCAL","objectsid":"S-1-5-32-560","admincount":false,"description":"Members of this group have access to the computed tokenGroupsGlobalAndUniversal attribute on User objects"},"Name":"WINDOWS AUTHORIZATION ACCESS GROUP@DOLLARCORP.MONEYCORP.LOCAL","Aces":[{"PrincipalName":"DOMAIN ADMINS@DOLLARCORP.MONEYCORP.LOCAL","PrincipalType":"group","RightName":"Owner","AceType":""},{"PrincipalName":"DOMAIN ADMINS@DOLLARCORP.MONEYCORP.LOCAL","PrincipalType":"group","RightName":"GenericAll","AceType":""},{"PrincipalName":"ACCOUNT OPERATORS@DOLLARCORP.MONEYCORP.LOCAL","PrincipalType":"group","RightName":"GenericAll","AceType":""},{"PrincipalName":"ADMINISTRATORS@DOLLARCORP.MONEYCORP.LOCAL","PrincipalType":"group","RightName":"GenericWrite","AceType":""},{"PrincipalName":"ADMINISTRATORS@DOLLARCORP.MONEYCORP.LOCAL","PrincipalType":"group","RightName":"WriteOwner","AceType":""},{"PrincipalName":"ADMINISTRATORS@DOLLARCORP.MONEYCORP.LOCAL","PrincipalType":"group","RightName":"WriteDacl","AceType":""}],"Members":[{"MemberName":"ENTERPRISE DOMAIN CONTROLLERS@DOLLARCORP.MONEYCORP.LOCAL","MemberType":"group"}]},{"Properties":{"highvalue":false,"domain":"DOLLARCORP.MONEYCORP.LOCAL","objectsid":"S-1-5-32-554","admincount":false,"description":"A backward compatibility group which allows read access on all users and groups in the domain"},"Name":"PRE-WINDOWS 2000 COMPATIBLE ACCESS@DOLLARCORP.MONEYCORP.LOCAL","Aces":[{"PrincipalName":"DOMAIN ADMINS@DOLLARCORP.MONEYCORP.LOCAL","PrincipalType":"group","RightName":"Owner","AceType":""},{"PrincipalName":"DOMAIN ADMINS@DOLLARCORP.MONEYCORP.LOCAL","PrincipalType":"group","RightName":"GenericAll","AceType":""},{"PrincipalName":"ACCOUNT OPERATORS@DOLLARCORP.MONEYCORP.LOCAL","PrincipalType":"group","RightName":"GenericAll","AceType":""},{"PrincipalName":"ADMINISTRATORS@DOLLARCORP.MONEYCORP.LOCAL","PrincipalType":"group","RightName":"GenericWrite","AceType":""},{"PrincipalName":"ADMINISTRATORS@DOLLARCORP.MONEYCORP.LOCAL","PrincipalType":"group","RightName":"WriteOwner","AceType":""},{"PrincipalName":"ADMINISTRATORS@DOLLARCORP.MONEYCORP.LOCAL","PrincipalType":"group","RightName":"WriteDacl","AceType":""}],"Members":[{"MemberName":"AUTHENTICATED USERS@DOLLARCORP.MONEYCORP.LOCAL","MemberType":"group"}]},{"Properties":{"highvalue":false,"domain":"DOLLARCORP.MONEYCORP.LOCAL","objectsid":"S-1-5-21-1874506631-3219952063-538504511-515","admincount":false,"description":"All workstations and servers joined to the domain"},"Name":"DOMAIN COMPUTERS@DOLLARCORP.MONEYCORP.LOCAL","Aces":[{"PrincipalName":"DOMAIN ADMINS@DOLLARCORP.MONEYCORP.LOCAL","PrincipalType":"group","RightName":"Owner","AceType":""},{"PrincipalName":"DOMAIN ADMINS@DOLLARCORP.MONEYCORP.LOCAL","PrincipalType":"group","RightName":"GenericAll","AceType":""},{"PrincipalName":"ACCOUNT OPERATORS@DOLLARCORP.MONEYCORP.LOCAL","PrincipalType":"group","RightName":"GenericAll","AceType":""},{"PrincipalName":"ADMINISTRATORS@DOLLARCORP.MONEYCORP.LOCAL","PrincipalType":"group","RightName":"GenericWrite","AceType":""},{"PrincipalName":"ADMINISTRATORS@DOLLARCORP.MONEYCORP.LOCAL","PrincipalType":"group","RightName":"WriteOwner","AceType":""},{"PrincipalName":"ADMINISTRATORS@DOLLARCORP.MONEYCORP.LOCAL","PrincipalType":"group","RightName":"WriteDacl","AceType":""}],"Members":[]},{"Properties":{"highvalue":false,"domain":"DOLLARCORP.MONEYCORP.LOCAL","objectsid":"S-1-5-21-1874506631-3219952063-538504511-571","admincount":false,"description":"Members in this group can have their passwords replicated to all read-only domain controllers in the domain"},"Name":"ALLOWED RODC PASSWORD REPLICATION GROUP@DOLLARCORP.MONEYCORP.LOCAL","Aces":[{"PrincipalName":"DOMAIN ADMINS@DOLLARCORP.MONEYCORP.LOCAL","PrincipalType":"group","RightName":"Owner","AceType":""},{"PrincipalName":"DOMAIN ADMINS@DOLLARCORP.MONEYCORP.LOCAL","PrincipalType":"group","RightName":"GenericAll","AceType":""},{"PrincipalName":"ACCOUNT OPERATORS@DOLLARCORP.MONEYCORP.LOCAL","PrincipalType":"group","RightName":"GenericAll","AceType":""},{"PrincipalName":"ADMINISTRATORS@DOLLARCORP.MONEYCORP.LOCAL","PrincipalType":"group","RightName":"GenericWrite","AceType":""},{"PrincipalName":"ADMINISTRATORS@DOLLARCORP.MONEYCORP.LOCAL","PrincipalType":"group","RightName":"WriteOwner","AceType":""},{"PrincipalName":"ADMINISTRATORS@DOLLARCORP.MONEYCORP.LOCAL","PrincipalType":"group","RightName":"WriteDacl","AceType":""}],"Members":[]},{"Properties":{"highvalue":false,"domain":"DOLLARCORP.MONEYCORP.LOCAL","objectsid":"S-1-5-32-561","admincount":false,"description":"Members of this group can update user accounts in Active Directory with information about license issuance, for the purpose of tracking and reporting TS Per User CAL usage"},"Name":"TERMINAL SERVER LICENSE SERVERS@DOLLARCORP.MONEYCORP.LOCAL","Aces":[{"PrincipalName":"DOMAIN ADMINS@DOLLARCORP.MONEYCORP.LOCAL","PrincipalType":"group","RightName":"Owner","AceType":""},{"PrincipalName":"DOMAIN ADMINS@DOLLARCORP.MONEYCORP.LOCAL","PrincipalType":"group","RightName":"GenericAll","AceType":""},{"PrincipalName":"ACCOUNT OPERATORS@DOLLARCORP.MONEYCORP.LOCAL","PrincipalType":"group","RightName":"GenericAll","AceType":""},{"PrincipalName":"ADMINISTRATORS@DOLLARCORP.MONEYCORP.LOCAL","PrincipalType":"group","RightName":"GenericWrite","AceType":""},{"PrincipalName":"ADMINISTRATORS@DOLLARCORP.MONEYCORP.LOCAL","PrincipalType":"group","RightName":"WriteOwner","AceType":""},{"PrincipalName":"ADMINISTRATORS@DOLLARCORP.MONEYCORP.LOCAL","PrincipalType":"group","RightName":"WriteDacl","AceType":""}],"Members":[]},{"Properties":{"highvalue":false,"domain":"DOLLARCORP.MONEYCORP.LOCAL","objectsid":"S-1-5-21-1874506631-3219952063-538504511-1101","admincount":false,"description":"DNS Administrators Group"},"Name":"DNSADMINS@DOLLARCORP.MONEYCORP.LOCAL","Aces":[{"PrincipalName":"DOMAIN ADMINS@DOLLARCORP.MONEYCORP.LOCAL","PrincipalType":"group","RightName":"GenericAll","AceType":""},{"PrincipalName":"ACCOUNT OPERATORS@DOLLARCORP.MONEYCORP.LOCAL","PrincipalType":"group","RightName":"GenericAll","AceType":""},{"PrincipalName":"ADMINISTRATORS@DOLLARCORP.MONEYCORP.LOCAL","PrincipalType":"group","RightName":"GenericWrite","AceType":""},{"PrincipalName":"ADMINISTRATORS@DOLLARCORP.MONEYCORP.LOCAL","PrincipalType":"group","RightName":"WriteOwner","AceType":""},{"PrincipalName":"ADMINISTRATORS@DOLLARCORP.MONEYCORP.LOCAL","PrincipalType":"group","RightName":"WriteDacl","AceType":""}],"Members":[{"MemberName":"SRVADMIN@DOLLARCORP.MONEYCORP.LOCAL","MemberType":"user"}]},{"Properties":{"highvalue":false,"domain":"DOLLARCORP.MONEYCORP.LOCAL","objectsid":"S-1-5-21-1874506631-3219952063-538504511-521","admincount":true,"description":"Members of this group are Read-Only Domain Controllers in the domain"},"Name":"READ-ONLY DOMAIN CONTROLLERS@DOLLARCORP.MONEYCORP.LOCAL","Aces":[{"PrincipalName":"DOMAIN ADMINS@DOLLARCORP.MONEYCORP.LOCAL","PrincipalType":"group","RightName":"Owner","AceType":""},{"PrincipalName":"DOMAIN ADMINS@DOLLARCORP.MONEYCORP.LOCAL","PrincipalType":"group","RightName":"GenericWrite","AceType":""},{"PrincipalName":"DOMAIN ADMINS@DOLLARCORP.MONEYCORP.LOCAL","PrincipalType":"group","RightName":"WriteOwner","AceType":""},{"PrincipalName":"DOMAIN ADMINS@DOLLARCORP.MONEYCORP.LOCAL","PrincipalType":"group","RightName":"WriteDacl","AceType":""},{"PrincipalName":"ADMINISTRATORS@DOLLARCORP.MONEYCORP.LOCAL","PrincipalType":"group","RightName":"GenericWrite","AceType":""},{"PrincipalName":"ADMINISTRATORS@DOLLARCORP.MONEYCORP.LOCAL","PrincipalType":"group","RightName":"WriteOwner","AceType":""},{"PrincipalName":"ADMINISTRATORS@DOLLARCORP.MONEYCORP.LOCAL","PrincipalType":"group","RightName":"WriteDacl","AceType":""}],"Members":[]},{"Properties":{"highvalue":true,"domain":"DOLLARCORP.MONEYCORP.LOCAL","objectsid":"S-1-5-21-1874506631-3219952063-538504511-520","admincount":false,"description":"Members in this group can modify group policy for the domain"},"Name":"GROUP POLICY CREATOR OWNERS@DOLLARCORP.MONEYCORP.LOCAL","Aces":[{"PrincipalName":"DOMAIN ADMINS@DOLLARCORP.MONEYCORP.LOCAL","PrincipalType":"group","RightName":"Owner","AceType":""},{"PrincipalName":"DOMAIN ADMINS@DOLLARCORP.MONEYCORP.LOCAL","PrincipalType":"group","RightName":"GenericAll","AceType":""},{"PrincipalName":"ACCOUNT OPERATORS@DOLLARCORP.MONEYCORP.LOCAL","PrincipalType":"group","RightName":"GenericAll","AceType":""},{"PrincipalName":"ADMINISTRATORS@DOLLARCORP.MONEYCORP.LOCAL","PrincipalType":"group","RightName":"GenericWrite","AceType":""},{"PrincipalName":"ADMINISTRATORS@DOLLARCORP.MONEYCORP.LOCAL","PrincipalType":"group","RightName":"WriteOwner","AceType":""},{"PrincipalName":"ADMINISTRATORS@DOLLARCORP.MONEYCORP.LOCAL","PrincipalType":"group","RightName":"WriteDacl","AceType":""}],"Members":[{"MemberName":"ADMINISTRATOR@DOLLARCORP.MONEYCORP.LOCAL","MemberType":"user"}]},{"Properties":{"highvalue":false,"domain":"DOLLARCORP.MONEYCORP.LOCAL","objectsid":"S-1-5-21-1874506631-3219952063-538504511-513","admincount":false,"description":"All domain users"},"Name":"DOMAIN USERS@DOLLARCORP.MONEYCORP.LOCAL","Aces":[{"PrincipalName":"DOMAIN ADMINS@DOLLARCORP.MONEYCORP.LOCAL","PrincipalType":"group","RightName":"Owner","AceType":""},{"PrincipalName":"DOMAIN ADMINS@DOLLARCORP.MONEYCORP.LOCAL","PrincipalType":"group","RightName":"GenericAll","AceType":""},{"PrincipalName":"ACCOUNT OPERATORS@DOLLARCORP.MONEYCORP.LOCAL","PrincipalType":"group","RightName":"GenericAll","AceType":""},{"PrincipalName":"ADMINISTRATORS@DOLLARCORP.MONEYCORP.LOCAL","PrincipalType":"group","RightName":"GenericWrite","AceType":""},{"PrincipalName":"ADMINISTRATORS@DOLLARCORP.MONEYCORP.LOCAL","PrincipalType":"group","RightName":"WriteOwner","AceType":""},{"PrincipalName":"ADMINISTRATORS@DOLLARCORP.MONEYCORP.LOCAL","PrincipalType":"group","RightName":"WriteDacl","AceType":""}],"Members":[]},{"Properties":{"highvalue":false,"domain":"DOLLARCORP.MONEYCORP.LOCAL","objectsid":"S-1-5-21-1874506631-3219952063-538504511-514","admincount":false,"description":"All domain guests"},"Name":"DOMAIN GUESTS@DOLLARCORP.MONEYCORP.LOCAL","Aces":[{"PrincipalName":"DOMAIN ADMINS@DOLLARCORP.MONEYCORP.LOCAL","PrincipalType":"group","RightName":"Owner","AceType":""},{"PrincipalName":"DOMAIN ADMINS@DOLLARCORP.MONEYCORP.LOCAL","PrincipalType":"group","RightName":"GenericAll","AceType":""},{"PrincipalName":"ACCOUNT OPERATORS@DOLLARCORP.MONEYCORP.LOCAL","PrincipalType":"group","RightName":"GenericAll","AceType":""},{"PrincipalName":"ADMINISTRATORS@DOLLARCORP.MONEYCORP.LOCAL","PrincipalType":"group","RightName":"GenericWrite","AceType":""},{"PrincipalName":"ADMINISTRATORS@DOLLARCORP.MONEYCORP.LOCAL","PrincipalType":"group","RightName":"WriteOwner","AceType":""},{"PrincipalName":"ADMINISTRATORS@DOLLARCORP.MONEYCORP.LOCAL","PrincipalType":"group","RightName":"WriteDacl","AceType":""}],"Members":[]},{"Properties":{"highvalue":false,"domain":"DOLLARCORP.MONEYCORP.LOCAL","objectsid":"S-1-5-21-1874506631-3219952063-538504511-572","admincount":false,"description":"Members in this group cannot have their passwords replicated to any read-only domain controllers in the domain"},"Name":"DENIED RODC PASSWORD REPLICATION GROUP@DOLLARCORP.MONEYCORP.LOCAL","Aces":[{"PrincipalName":"DOMAIN ADMINS@DOLLARCORP.MONEYCORP.LOCAL","PrincipalType":"group","RightName":"Owner","AceType":""},{"PrincipalName":"DOMAIN ADMINS@DOLLARCORP.MONEYCORP.LOCAL","PrincipalType":"group","RightName":"GenericAll","AceType":""},{"PrincipalName":"ACCOUNT OPERATORS@DOLLARCORP.MONEYCORP.LOCAL","PrincipalType":"group","RightName":"GenericAll","AceType":""},{"PrincipalName":"ADMINISTRATORS@DOLLARCORP.MONEYCORP.LOCAL","PrincipalType":"group","RightName":"GenericWrite","AceType":""},{"PrincipalName":"ADMINISTRATORS@DOLLARCORP.MONEYCORP.LOCAL","PrincipalType":"group","RightName":"WriteOwner","AceType":""},{"PrincipalName":"ADMINISTRATORS@DOLLARCORP.MONEYCORP.LOCAL","PrincipalType":"group","RightName":"WriteDacl","AceType":""}],"Members":[{"MemberName":"ENTERPRISE ADMINS@MONEYCORP.LOCAL","MemberType":"group"},{"MemberName":"SCHEMA ADMINS@MONEYCORP.LOCAL","MemberType":"group"},{"MemberName":"READ-ONLY DOMAIN CONTROLLERS@DOLLARCORP.MONEYCORP.LOCAL","MemberType":"group"},{"MemberName":"GROUP POLICY CREATOR OWNERS@DOLLARCORP.MONEYCORP.LOCAL","MemberType":"group"},{"MemberName":"DOMAIN ADMINS@DOLLARCORP.MONEYCORP.LOCAL","MemberType":"group"},{"MemberName":"CERT PUBLISHERS@DOLLARCORP.MONEYCORP.LOCAL","MemberType":"group"},{"MemberName":"DOMAIN CONTROLLERS@DOLLARCORP.MONEYCORP.LOCAL","MemberType":"group"},{"MemberName":"KRBTGT@DOLLARCORP.MONEYCORP.LOCAL","MemberType":"user"}]},{"Properties":{"highvalue":false,"domain":"DOLLARCORP.MONEYCORP.LOCAL","objectsid":"S-1-5-21-1874506631-3219952063-538504511-525","admincount":false,"description":"Members of this group are afforded additional protections against authentication security threats. See http://go.microsoft.com/fwlink/?LinkId=298939 for more information."},"Name":"PROTECTED USERS@DOLLARCORP.MONEYCORP.LOCAL","Aces":[{"PrincipalName":"DOMAIN ADMINS@DOLLARCORP.MONEYCORP.LOCAL","PrincipalType":"group","RightName":"Owner","AceType":""},{"PrincipalName":"DOMAIN ADMINS@DOLLARCORP.MONEYCORP.LOCAL","PrincipalType":"group","RightName":"GenericAll","AceType":""},{"PrincipalName":"ACCOUNT OPERATORS@DOLLARCORP.MONEYCORP.LOCAL","PrincipalType":"group","RightName":"GenericAll","AceType":""},{"PrincipalName":"ADMINISTRATORS@DOLLARCORP.MONEYCORP.LOCAL","PrincipalType":"group","RightName":"GenericWrite","AceType":""},{"PrincipalName":"ADMINISTRATORS@DOLLARCORP.MONEYCORP.LOCAL","PrincipalType":"group","RightName":"WriteOwner","AceType":""},{"PrincipalName":"ADMINISTRATORS@DOLLARCORP.MONEYCORP.LOCAL","PrincipalType":"group","RightName":"WriteDacl","AceType":""}],"Members":[]},{"Properties":{"highvalue":false,"domain":"DOLLARCORP.MONEYCORP.LOCAL","objectsid":"S-1-5-21-1874506631-3219952063-538504511-522","admincount":false,"description":"Members of this group that are domain controllers may be cloned."},"Name":"CLONEABLE DOMAIN CONTROLLERS@DOLLARCORP.MONEYCORP.LOCAL","Aces":[{"PrincipalName":"DOMAIN ADMINS@DOLLARCORP.MONEYCORP.LOCAL","PrincipalType":"group","RightName":"Owner","AceType":""},{"PrincipalName":"DOMAIN ADMINS@DOLLARCORP.MONEYCORP.LOCAL","PrincipalType":"group","RightName":"GenericAll","AceType":""},{"PrincipalName":"ACCOUNT OPERATORS@DOLLARCORP.MONEYCORP.LOCAL","PrincipalType":"group","RightName":"GenericAll","AceType":""},{"PrincipalName":"ADMINISTRATORS@DOLLARCORP.MONEYCORP.LOCAL","PrincipalType":"group","RightName":"GenericWrite","AceType":""},{"PrincipalName":"ADMINISTRATORS@DOLLARCORP.MONEYCORP.LOCAL","PrincipalType":"group","RightName":"WriteOwner","AceType":""},{"PrincipalName":"ADMINISTRATORS@DOLLARCORP.MONEYCORP.LOCAL","PrincipalType":"group","RightName":"WriteDacl","AceType":""}],"Members":[]},{"Properties":{"highvalue":false,"domain":"DOLLARCORP.MONEYCORP.LOCAL","objectsid":"S-1-5-21-1874506631-3219952063-538504511-526","admincount":false,"description":"Members of this group can perform administrative actions on key objects within the domain."},"Name":"KEY ADMINS@DOLLARCORP.MONEYCORP.LOCAL","Aces":[{"PrincipalName":"DOMAIN ADMINS@DOLLARCORP.MONEYCORP.LOCAL","PrincipalType":"group","RightName":"Owner","AceType":""},{"PrincipalName":"DOMAIN ADMINS@DOLLARCORP.MONEYCORP.LOCAL","PrincipalType":"group","RightName":"GenericAll","AceType":""},{"PrincipalName":"ACCOUNT OPERATORS@DOLLARCORP.MONEYCORP.LOCAL","PrincipalType":"group","RightName":"GenericAll","AceType":""},{"PrincipalName":"ADMINISTRATORS@DOLLARCORP.MONEYCORP.LOCAL","PrincipalType":"group","RightName":"GenericWrite","AceType":""},{"PrincipalName":"ADMINISTRATORS@DOLLARCORP.MONEYCORP.LOCAL","PrincipalType":"group","RightName":"WriteOwner","AceType":""},{"PrincipalName":"ADMINISTRATORS@DOLLARCORP.MONEYCORP.LOCAL","PrincipalType":"group","RightName":"WriteDacl","AceType":""}],"Members":[]},{"Properties":{"highvalue":false,"domain":"DOLLARCORP.MONEYCORP.LOCAL","objectsid":"S-1-5-21-1874506631-3219952063-538504511-1102","admincount":false,"description":"DNS clients who are permitted to perform dynamic updates on behalf of some other clients (such as DHCP servers)."},"Name":"DNSUPDATEPROXY@DOLLARCORP.MONEYCORP.LOCAL","Aces":[{"PrincipalName":"DOMAIN ADMINS@DOLLARCORP.MONEYCORP.LOCAL","PrincipalType":"group","RightName":"GenericAll","AceType":""},{"PrincipalName":"ACCOUNT OPERATORS@DOLLARCORP.MONEYCORP.LOCAL","PrincipalType":"group","RightName":"GenericAll","AceType":""},{"PrincipalName":"ADMINISTRATORS@DOLLARCORP.MONEYCORP.LOCAL","PrincipalType":"group","RightName":"GenericWrite","AceType":""},{"PrincipalName":"ADMINISTRATORS@DOLLARCORP.MONEYCORP.LOCAL","PrincipalType":"group","RightName":"WriteOwner","AceType":""},{"PrincipalName":"ADMINISTRATORS@DOLLARCORP.MONEYCORP.LOCAL","PrincipalType":"group","RightName":"WriteDacl","AceType":""}],"Members":[]},{"Properties":{"highvalue":false,"domain":"DOLLARCORP.MONEYCORP.LOCAL","objectsid":"S-1-5-21-1874506631-3219952063-538504511-1116","admincount":false,"description":"RDP Users Group"},"Name":"RDPUSERS@DOLLARCORP.MONEYCORP.LOCAL","Aces":[{"PrincipalName":"DOMAIN ADMINS@DOLLARCORP.MONEYCORP.LOCAL","PrincipalType":"group","RightName":"Owner","AceType":""},{"PrincipalName":"DOMAIN ADMINS@DOLLARCORP.MONEYCORP.LOCAL","PrincipalType":"group","RightName":"GenericAll","AceType":""},{"PrincipalName":"ACCOUNT OPERATORS@DOLLARCORP.MONEYCORP.LOCAL","PrincipalType":"group","RightName":"GenericAll","AceType":""},{"PrincipalName":"ADMINISTRATORS@DOLLARCORP.MONEYCORP.LOCAL","PrincipalType":"group","RightName":"GenericWrite","AceType":""},{"PrincipalName":"ADMINISTRATORS@DOLLARCORP.MONEYCORP.LOCAL","PrincipalType":"group","RightName":"WriteOwner","AceType":""},{"PrincipalName":"ADMINISTRATORS@DOLLARCORP.MONEYCORP.LOCAL","PrincipalType":"group","RightName":"WriteDacl","AceType":""}],"Members":[{"MemberName":"STUDENT142@DOLLARCORP.MONEYCORP.LOCAL","MemberType":"user"},{"MemberName":"STUDENT141@DOLLARCORP.MONEYCORP.LOCAL","MemberType":"user"},{"MemberName":"STUDENT140@DOLLARCORP.MONEYCORP.LOCAL","MemberType":"user"},{"MemberName":"STUDENT139@DOLLARCORP.MONEYCORP.LOCAL","MemberType":"user"},{"MemberName":"STUDENT138@DOLLARCORP.MONEYCORP.LOCAL","MemberType":"user"},{"MemberName":"STUDENT137@DOLLARCORP.MONEYCORP.LOCAL","MemberType":"user"},{"MemberName":"STUDENT136@DOLLARCORP.MONEYCORP.LOCAL","MemberType":"user"},{"MemberName":"STUDENT135@DOLLARCORP.MONEYCORP.LOCAL","MemberType":"user"},{"MemberName":"STUDENT134@DOLLARCORP.MONEYCORP.LOCAL","MemberType":"user"},{"MemberName":"STUDENT133@DOLLARCORP.MONEYCORP.LOCAL","MemberType":"user"},{"MemberName":"STUDENT132@DOLLARCORP.MONEYCORP.LOCAL","MemberType":"user"},{"MemberName":"STUDENT131@DOLLARCORP.MONEYCORP.LOCAL","MemberType":"user"},{"MemberName":"STUDENTADMIN@DOLLARCORP.MONEYCORP.LOCAL","MemberType":"user"}]},{"Properties":{"domain":"moneycorp.local","objectsid":"S-1-5-9","highvalue":true},"Name":"ENTERPRISE DOMAIN CONTROLLERS@moneycorp.local","Aces":null,"Members":[{"MemberName":"DCORP-DC.DOLLARCORP.MONEYCORP.LOCAL","MemberType":"computer"}]}],"meta":{"count":46,"type":"groups"}}